82006,"104.234.189.177 80 149.102.157.168 58201 TCP",104.234.189.177,58201,0x0012,0x0004,0.0,6.7907e-05,875,0,TCP,0.0,0.0,0.0,0.0,0.0,0.0,0.0,0.0,1.0,0.0,"",0.0,0.0,0.0,0.0,794710.2315789474,0.0,0.0,0.0,14716.856140350877,0.0,0.0,1.0,1.0,2.0,66.0,54.0,0.0,6.794929504394531e-05,0.0,54.0,0.0,0.0,0.0,0.0,0.0,Portscan,1,0,BR
82007,"104.234.189.177 80 149.102.157.168 10712 TCP",104.234.189.177,10712,0x0012,0x0004,0.0,8.8145e-05,875,0,TCP,0.0,0.0,0.0,0.0,0.0,0.0,0.0,0.0,1.0,0.0,"",0.0,0.0,0.0,0.0,612141.6648648649,0.0,0.0,0.0,11335.956756756757,0.0,0.0,1.0,1.0,2.0,66.0,54.0,0.0,8.821487426757812e-05,0.0,54.0,0.0,0.0,0.0,0.0,0.0,Portscan,2,0,BR
82008,"104.234.189.177 80 149.102.157.168 11347 TCP",104.234.189.177,11347,0x0012,0x0004,0.0,9.0869e-05,875,0,TCP,0.0,0.0,0.0,0.0,0.0,0.0,0.0,0.0,1.0,0.0,"",0.0,0.0,0.0,0.0,594468.2834645669,0.0,0.0,0.0,11008.671916010499,0.0,0.0,1.0,1.0,2.0,66.0,54.0,0.0,9.083747863769531e-05,0.0,54.0,0.0,0.0,0.0,0.0,0.0,Portscan,3,0,BR
82009,"104.234.189.177 80 149.102.157.168 10979 TCP",104.234.189.177,10979,0x0012,0x0004,0.0,0.000108252,875,0,TCP,0.0,0.0,0.0,0.0,0.0,0.0,0.0,0.0,1.0,0.0,"",0.0,0.0,0.0,0.0,498881.9735682819,0.0,0.0,0.0,9238.555066079296,0.0,0.0,1.0,1.0,2.0,66.0,54.0,0.0,0.00010824203491210938,0.0,54.0,0.0,0.0,0.0,0.0,0.0,Portscan,4,0,BR
82010,"104.234.189.177 80 149.102.157.168 60429 TCP",104.234.189.177,60429,0x0012,0x0004,0.0,0.00011813,875,0,TCP,0.0,0.0,0.0,0.0,0.0,0.0,0.0,0.0,1.0,0.0,"",0.0,0.0,0.0,0.0,457560.43636363634,0.0,0.0,0.0,8473.341414141414,0.0,0.0,1.0,1.0,2.0,66.0,54.0,0.0,0.00011801719665527344,0.0,54.0,0.0,0.0,0.0,0.0,0.0,Portscan,5,0,BR
82011,"104.234.189.177 80 149.102.157.168 16917 TCP",104.234.189.177,16917,0x0012,0x0004,0.0,0.000120896,875,0,TCP,0.0,0.0,0.0,0.0,0.0,0.0,0.0,0.0,1.0,0.0,"",0.0,0.0,0.0,0.0,446730.60355029587,0.0,0.0,0.0,8272.788954635109,0.0,0.0,1.0,1.0,2.0,66.0,54.0,0.0,0.00012087821960449219,0.0,54.0,0.0,0.0,0.0,0.0,0.0,Portscan,6,0,BR
82012,"104.234.189.177 80 149.102.157.168 16925 TCP",104.234.189.177,16925,0x0012,0x0004,0.0,0.000126156,875,0,TCP,0.0,0.0,0.0,0.0,0.0,0.0,0.0,0.0,1.0,0.0,"",0.0,0.0,0.0,0.0,428152.01512287336,0.0,0.0,0.0,7928.741020793951,0.0,0.0,1.0,1.0,2.0,66.0,54.0,0.0,0.00012612342834472656,0.0,54.0,0.0,0.0,0.0,0.0,0.0,Portscan,7,0,BR
82013,"104.234.189.177 80 149.102.157.168 57924 TCP",104.234.189.177,57924,0x0012,0x0004,0.0,6.141e-06,875,0,TCP,0.0,0.0,0.0,0.0,0.0,0.0,0.0,0.0,1.0,0.0,"",0.0,0.0,0.0,0.0,9059696.64,0.0,0.0,0.0,167772.16,0.0,0.0,1.0,1.0,2.0,66.0,54.0,0.0,5.9604644775390625e-06,0.0,54.0,0.0,0.0,0.0,0.0,0.0,Portscan,8,0,BR
82014,"104.234.189.177 80 149.102.157.168 2138 TCP",104.234.189.177,2138,0x0012,0x0004,0.0,2.1551e-05,875,0,TCP,0.0,0.0,0.0,0.0,0.0,0.0,0.0,0.0,1.0,0.0,"",0.0,0.0,0.0,0.0,2488927.6483516484,0.0,0.0,0.0,46091.25274725275,0.0,0.0,1.0,1.0,2.0,66.0,54.0,0.0,2.1696090698242188e-05,0.0,54.0,0.0,0.0,0.0,0.0,0.0,Portscan,9,0,BR
82015,"104.234.189.177 80 149.102.157.168 6922 TCP",104.234.189.177,6922,0x0012,0x0004,0.0,4.0807e-05,875,0,TCP,0.0,0.0,0.0,0.0,0.0,0.0,0.0,0.0,1.0,0.0,"",0.0,0.0,0.0,0.0,1324517.0526315789,0.0,0.0,0.0,24528.09356725146,0.0,0.0,1.0,1.0,2.0,66.0,54.0,0.0,4.076957702636719e-05,0.0,54.0,0.0,0.0,0.0,0.0,0.0,Portscan,10,0,BR
82016,"104.234.189.177 80 149.102.157.168 39999 TCP",104.234.189.177,39999,0x0012,0x0004,0.0,2.9495e-05,875,0,TCP,0.0,0.0,0.0,0.0,0.0,0.0,0.0,0.0,1.0,0.0,"",0.0,0.0,0.0,0.0,1826551.7419354839,0.0,0.0,0.0,33825.032258064515,0.0,0.0,1.0,1.0,2.0,66.0,54.0,0.0,2.956390380859375e-05,0.0,54.0,0.0,0.0,0.0,0.0,0.0,Portscan,11,0,BR
82017,"104.234.189.177 80 149.102.157.168 19667 TCP",104.234.189.177,19667,0x0012,0x0004,0.0,4.5485e-05,875,0,TCP,0.0,0.0,0.0,0.0,0.0,0.0,0.0,0.0,1.0,0.0,"",0.0,0.0,0.0,0.0,1192065.347368421,0.0,0.0,0.0,22075.284210526315,0.0,0.0,1.0,1.0,2.0,66.0,54.0,0.0,4.5299530029296875e-05,0.0,54.0,0.0,0.0,0.0,0.0,0.0,Portscan,12,0,BR
82018,"104.234.189.177 80 149.102.157.168 10156 TCP",104.234.189.177,10156,0x0012,0x0004,0.0,5.5484e-05,875,0,TCP,0.0,0.0,0.0,0.0,0.0,0.0,0.0,0.0,1.0,0.0,"",0.0,0.0,0.0,0.0,976260.4137931034,0.0,0.0,0.0,18078.896551724138,0.0,0.0,1.0,1.0,2.0,66.0,54.0,0.0,5.53131103515625e-05,0.0,54.0,0.0,0.0,0.0,0.0,0.0,Portscan,13,0,BR
82019,"104.234.189.177 80 149.102.157.168 31385 TCP",104.234.189.177,31385,0x0012,0x0004,0.0,3.997e-06,875,0,TCP,0.0,0.0,0.0,0.0,0.0,0.0,0.0,0.0,1.0,0.0,"",0.0,0.0,0.0,0.0,13323083.294117646,0.0,0.0,0.0,246723.76470588235,0.0,0.0,1.0,1.0,2.0,66.0,54.0,0.0,4.0531158447265625e-06,0.0,54.0,0.0,0.0,0.0,0.0,0.0,Portscan,14,0,BR
82020,"104.234.189.177 80 149.102.157.168 55708 TCP",104.234.189.177,55708,0x0012,0x0004,0.0,1.3365e-05,875,0,TCP,0.0,0.0,0.0,0.0,0.0,0.0,0.0,0.0,1.0,0.0,"",0.0,0.0,0.0,0.0,4044507.4285714286,0.0,0.0,0.0,74898.28571428571,0.0,0.0,1.0,1.0,2.0,66.0,54.0,0.0,1.33514404296875e-05,0.0,54.0,0.0,0.0,0.0,0.0,0.0,Portscan,15,0,BR
82021,"104.234.189.177 80 149.102.157.168 1337 TCP",104.234.189.177,1337,0x0012,0x0004,0.0,6.872e-06,875,0,TCP,0.0,0.0,0.0,0.0,0.0,0.0,0.0,0.0,1.0,0.0,"",0.0,0.0,0.0,0.0,8089014.857142857,0.0,0.0,0.0,149796.57142857142,0.0,0.0,1.0,1.0,2.0,66.0,54.0,0.0,6.67572021484375e-06,0.0,54.0,0.0,0.0,0.0,0.0,0.0,Portscan,16,0,BR
82022,"104.234.189.177 80 149.102.157.168 48545 TCP",104.234.189.177,48545,0x0012,0x0004,0.0,2.097e-05,875,0,TCP,0.0,0.0,0.0,0.0,0.0,0.0,0.0,0.0,1.0,0.0,"",0.0,0.0,0.0,0.0,2573777.4545454546,0.0,0.0,0.0,47662.545454545456,0.0,0.0,1.0,1.0,2.0,66.0,54.0,0.0,2.09808349609375e-05,0.0,54.0,0.0,0.0,0.0,0.0,0.0,Portscan,17,0,BR
84732,"149.102.157.168 50723 185.187.242.52 53 UDP",149.102.157.168,53,0.0,0.0,0.0,0.0,0.0,0.0,UDP,0.0,0.0,0.0,0.0,0.0,0.0,0.0,0.0,0.0,0.0,"",0.0,0.0,0.0,0.0,0.0,48.0,114.0,0.0,0.0,0.0,0.0,1.0,1.0,2.0,90.0,156.0,0.0,0.0,0.0,0.0,0.0,0.0,0.0,0.0,0.0,Hulk,1,0.0,DE
84733,"149.102.157.168 49831 185.187.242.52 53 UDP",149.102.157.168,53,0.0,0.0,0.0,0.0,0.0,0.0,UDP,0.0,0.0,0.0,0.0,0.0,0.0,0.0,0.0,0.0,0.0,"",0.0,0.0,0.0,0.0,0.0,62.0,143.0,0.0,0.0,0.0,0.0,1.0,1.0,2.0,104.0,185.0,0.0,0.0,0.0,0.0,0.0,0.0,0.0,0.0,0.0,Hulk,1,0.0,DE
84734,"149.102.157.168 47934 34.117.188.166 443 UDP",149.102.157.168,443,0.0,0.0,0.0,0.0,0.0,0.0,UDP,0.0,0.0,0.0,0.0,0.0,0.0,0.0,0.0,0.0,0.0,"",0.0,0.0,0.0,0.0,0.0,1995.0,20314.0,0.0,0.0,0.0,0.0,7.0,18.0,25.0,2289.0,21070.0,0.0,0.0,0.0,0.0,0.0,443.93735941568076,0.0,197080.3790849673,0.0,Hulk,1,0.0,DE
84735,"149.102.157.168 54684 34.149.97.1 443 UDP",149.102.157.168,443,0.0,0.0,0.0,0.0,0.0,0.0,UDP,0.0,0.0,0.0,0.0,0.0,0.0,0.0,0.0,0.0,0.0,"",0.0,0.0,0.0,0.0,0.0,1852.0,9822.0,0.0,0.0,0.0,0.0,5.0,11.0,16.0,2062.0,10284.0,0.0,0.0,0.0,0.0,0.0,594.7675940307196,0.0,353748.4909090909,0.0,Hulk,1,0.0,DE
86324,"149.102.157.168 33856 185.187.242.52 53 UDP",149.102.157.168,53,0.0,0.0,0.0,0.0,0.0,0.0,UDP,0.0,0.0,0.0,0.0,0.0,0.0,0.0,0.0,0.0,0.0,"",0.0,0.0,0.0,0.0,0.0,59.0,134.0,0.0,0.0,0.0,0.0,1.0,1.0,2.0,101.0,176.0,0.0,0.0,0.0,0.0,0.0,0.0,0.0,0.0,0.0,"RDP Attempt",1,0.0,DE
86326,"149.102.157.168 36813 185.187.242.52 53 UDP",149.102.157.168,53,0.0,0.0,0.0,0.0,0.0,0.0,UDP,0.0,0.0,0.0,0.0,0.0,0.0,0.0,0.0,0.0,0.0,"",0.0,0.0,0.0,0.0,0.0,57.0,73.0,0.0,0.0,0.0,0.0,1.0,1.0,2.0,99.0,115.0,0.0,0.0,0.0,0.0,0.0,0.0,0.0,0.0,0.0,"RDP Attempt",1,0.0,DE
86328,"149.102.157.168 38655 185.187.242.52 53 UDP",149.102.157.168,53,0.0,0.0,0.0,0.0,0.0,0.0,UDP,0.0,0.0,0.0,0.0,0.0,0.0,0.0,0.0,0.0,0.0,"",0.0,0.0,0.0,0.0,0.0,48.0,114.0,0.0,0.0,0.0,0.0,1.0,1.0,2.0,90.0,156.0,0.0,0.0,0.0,0.0,0.0,0.0,0.0,0.0,0.0,"RDP Attempt",1,0.0,DE
86329,"149.102.157.168 52096 185.187.242.52 53 UDP",149.102.157.168,53,0.0,0.0,0.0,0.0,0.0,0.0,UDP,0.0,0.0,0.0,0.0,0.0,0.0,0.0,0.0,0.0,0.0,"",0.0,0.0,0.0,0.0,0.0,62.0,143.0,0.0,0.0,0.0,0.0,1.0,1.0,2.0,104.0,185.0,0.0,0.0,0.0,0.0,0.0,0.0,0.0,0.0,0.0,"RDP Attempt",1,0.0,DE
86330,"149.102.157.168 40813 34.117.188.166 443 UDP",149.102.157.168,443,0.0,0.0,0.0,0.0,0.0,0.0,UDP,0.0,0.0,0.0,0.0,0.0,0.0,0.0,0.0,0.0,0.0,"",0.0,0.0,0.0,0.0,0.0,2032.0,20850.0,0.0,0.0,0.0,0.0,8.0,20.0,28.0,2368.0,21690.0,0.0,0.0,0.0,0.0,0.0,512.4332562444237,0.0,262587.84210526315,0.0,"RDP Attempt",1,0.0,DE
86331,"149.102.157.168 54489 34.149.97.1 443 UDP",149.102.157.168,443,0.0,0.0,0.0,0.0,0.0,0.0,UDP,0.0,0.0,0.0,0.0,0.0,0.0,0.0,0.0,0.0,0.0,"",0.0,0.0,0.0,0.0,0.0,1817.0,9726.0,0.0,0.0,0.0,0.0,5.0,11.0,16.0,2027.0,10188.0,0.0,0.0,0.0,0.0,0.0,593.7586745777813,0.0,352549.36363636365,0.0,"RDP Attempt",1,0.0,DE
86332,"149.102.157.168 58086 185.187.242.52 53 UDP",149.102.157.168,53,0.0,0.0,0.0,0.0,0.0,0.0,UDP,0.0,0.0,0.0,0.0,0.0,0.0,0.0,0.0,0.0,0.0,"",0.0,0.0,0.0,0.0,0.0,45.0,176.0,0.0,0.0,0.0,0.0,1.0,1.0,2.0,87.0,218.0,0.0,0.0,0.0,0.0,0.0,0.0,0.0,0.0,0.0,"RDP Attempt",1,0.0,DE
86333,"149.102.157.168 53749 185.187.242.52 53 UDP",149.102.157.168,53,0.0,0.0,0.0,0.0,0.0,0.0,UDP,0.0,0.0,0.0,0.0,0.0,0.0,0.0,0.0,0.0,0.0,"",0.0,0.0,0.0,0.0,0.0,47.0,147.0,0.0,0.0,0.0,0.0,1.0,1.0,2.0,89.0,189.0,0.0,0.0,0.0,0.0,0.0,0.0,0.0,0.0,0.0,"RDP Attempt",1,0.0,DE
86826,"149.102.157.168 47931 185.187.242.52 53 UDP",149.102.157.168,53,0.0,0.0,0.0,0.0,0.0,0.0,UDP,0.0,0.0,0.0,0.0,0.0,0.0,0.0,0.0,0.0,0.0,"",0.0,0.0,0.0,0.0,0.0,57.0,73.0,0.0,0.0,0.0,0.0,1.0,1.0,2.0,99.0,115.0,0.0,0.0,0.0,0.0,0.0,0.0,0.0,0.0,0.0,Hulk,1,0.0,DE
86828,"149.102.157.168 58860 185.187.242.52 53 UDP",149.102.157.168,53,0.0,0.0,0.0,0.0,0.0,0.0,UDP,0.0,0.0,0.0,0.0,0.0,0.0,0.0,0.0,0.0,0.0,"",0.0,0.0,0.0,0.0,0.0,48.0,114.0,0.0,0.0,0.0,0.0,1.0,1.0,2.0,90.0,156.0,0.0,0.0,0.0,0.0,0.0,0.0,0.0,0.0,0.0,Hulk,1,0.0,DE
86829,"149.102.157.168 41347 185.187.242.52 53 UDP",149.102.157.168,53,0.0,0.0,0.0,0.0,0.0,0.0,UDP,0.0,0.0,0.0,0.0,0.0,0.0,0.0,0.0,0.0,0.0,"",0.0,0.0,0.0,0.0,0.0,62.0,143.0,0.0,0.0,0.0,0.0,1.0,1.0,2.0,104.0,185.0,0.0,0.0,0.0,0.0,0.0,0.0,0.0,0.0,0.0,Hulk,1,0.0,DE
86830,"149.102.157.168 53076 34.117.188.166 443 UDP",149.102.157.168,443,0.0,0.0,0.0,0.0,0.0,0.0,UDP,0.0,0.0,0.0,0.0,0.0,0.0,0.0,0.0,0.0,0.0,"",0.0,0.0,0.0,0.0,0.0,1998.0,24044.0,0.0,0.0,0.0,0.0,7.0,21.0,28.0,2292.0,24926.0,0.0,0.0,0.0,0.0,0.0,429.1740295253752,0.0,184190.34761904762,0.0,Hulk,1,0.0,DE
86831,"149.102.157.168 32955 34.149.97.1 443 UDP",149.102.157.168,443,0.0,0.0,0.0,0.0,0.0,0.0,UDP,0.0,0.0,0.0,0.0,0.0,0.0,0.0,0.0,0.0,0.0,"",0.0,0.0,0.0,0.0,0.0,1845.0,9717.0,0.0,0.0,0.0,0.0,5.0,11.0,16.0,2055.0,10179.0,0.0,0.0,0.0,0.0,0.0,593.736351039293,0.0,352522.85454545455,0.0,Hulk,1,0.0,DE
86833,"149.102.157.168 38042 185.187.242.52 53 UDP",149.102.157.168,53,0.0,0.0,0.0,0.0,0.0,0.0,UDP,0.0,0.0,0.0,0.0,0.0,0.0,0.0,0.0,0.0,0.0,"",0.0,0.0,0.0,0.0,0.0,47.0,147.0,0.0,0.0,0.0,0.0,1.0,1.0,2.0,89.0,189.0,0.0,0.0,0.0,0.0,0.0,0.0,0.0,0.0,0.0,Hulk,1,0.0,DE
86834,"149.102.157.168 46986 185.187.242.52 53 UDP",149.102.157.168,53,0.0,0.0,0.0,0.0,0.0,0.0,UDP,0.0,0.0,0.0,0.0,0.0,0.0,0.0,0.0,0.0,0.0,"",0.0,0.0,0.0,0.0,0.0,45.0,139.0,0.0,0.0,0.0,0.0,1.0,1.0,2.0,87.0,181.0,0.0,0.0,0.0,0.0,0.0,0.0,0.0,0.0,0.0,Hulk,1,0.0,DE
86960,"87.251.64.140 52808 149.102.157.168 53579 TCP",87.251.64.140,53579,0x0014,0x0018,0.057020441,0.007526543,0,64256,TCP,0.02867630025,0.002559361333333333,0.0009168249207740237,1.8505980541258333e-05,0.02832352036165827,0.004301857801143401,0.0,1.0,0.0,0.0,"",0.0,0.0,0.0,1196.9552511764239,1565.150766720224,44.0,19.0,16.858524664456674,24.32876839461488,484.0,120.33333333333333,4.0,3.0,7.0,284.0,193.0,0.23726868629455566,0.12331080436706543,71.0,64.33333333333333,21.93931022920578,9.60902353693305,481.3333333333333,92.33333333333333,0.0,Hulk,1,0.0,RU
86962,"45.148.10.241 28369 149.102.157.168 53 UDP",45.148.10.241,53,0.0,0.0,0.0,0.0,0.0,0.0,UDP,0.0,0.0,0.0,0.0,0.0,0.0,0.0,0.0,0.0,0.0,"",0.0,0.0,0.0,0.0,0.0,35.0,0.0,0.0,0.0,0.0,0.0,1.0,0.0,1.0,77.0,0.0,0.0,0.0,0.0,0.0,0.0,0.0,0.0,0.0,0.0,Hulk,1,0.0,AD
86966,"149.102.157.168 53766 185.187.242.52 53 UDP",149.102.157.168,53,0.0,0.0,0.0,0.0,0.0,0.0,UDP,0.0,0.0,0.0,0.0,0.0,0.0,0.0,0.0,0.0,0.0,"",0.0,0.0,0.0,0.0,0.0,59.0,134.0,0.0,0.0,0.0,0.0,1.0,1.0,2.0,101.0,176.0,0.0,0.0,0.0,0.0,0.0,0.0,0.0,0.0,0.0,Hulk,1,0.0,DE
86968,"149.102.157.168 35428 185.187.242.52 53 UDP",149.102.157.168,53,0.0,0.0,0.0,0.0,0.0,0.0,UDP,0.0,0.0,0.0,0.0,0.0,0.0,0.0,0.0,0.0,0.0,"",0.0,0.0,0.0,0.0,0.0,66.0,144.0,0.0,0.0,0.0,0.0,1.0,1.0,2.0,108.0,186.0,0.0,0.0,0.0,0.0,0.0,0.0,0.0,0.0,0.0,Hulk,1,0.0,DE
86970,"149.102.157.168 58757 185.187.242.52 53 UDP",149.102.157.168,53,0.0,0.0,0.0,0.0,0.0,0.0,UDP,0.0,0.0,0.0,0.0,0.0,0.0,0.0,0.0,0.0,0.0,"",0.0,0.0,0.0,0.0,0.0,64.0,80.0,0.0,0.0,0.0,0.0,1.0,1.0,2.0,106.0,122.0,0.0,0.0,0.0,0.0,0.0,0.0,0.0,0.0,0.0,Hulk,1,0.0,DE
86972,"149.102.157.168 53561 185.187.242.52 53 UDP",149.102.157.168,53,0.0,0.0,0.0,0.0,0.0,0.0,UDP,0.0,0.0,0.0,0.0,0.0,0.0,0.0,0.0,0.0,0.0,"",0.0,0.0,0.0,0.0,0.0,45.0,139.0,0.0,0.0,0.0,0.0,1.0,1.0,2.0,87.0,181.0,0.0,0.0,0.0,0.0,0.0,0.0,0.0,0.0,0.0,Hulk,1,0.0,DE
86973,"149.102.157.168 39410 185.187.242.52 53 UDP",149.102.157.168,53,0.0,0.0,0.0,0.0,0.0,0.0,UDP,0.0,0.0,0.0,0.0,0.0,0.0,0.0,0.0,0.0,0.0,"",0.0,0.0,0.0,0.0,0.0,47.0,147.0,0.0,0.0,0.0,0.0,1.0,1.0,2.0,89.0,189.0,0.0,0.0,0.0,0.0,0.0,0.0,0.0,0.0,0.0,Hulk,1,0.0,DE
86974,"149.102.157.168 47647 185.187.242.52 53 UDP",149.102.157.168,53,0.0,0.0,0.0,0.0,0.0,0.0,UDP,0.0,0.0,0.0,0.0,0.0,0.0,0.0,0.0,0.0,0.0,"",0.0,0.0,0.0,0.0,0.0,44.0,302.0,0.0,0.0,0.0,0.0,1.0,1.0,2.0,86.0,344.0,0.0,0.0,0.0,0.0,0.0,0.0,0.0,0.0,0.0,Hulk,1,0.0,DE
86975,"149.102.157.168 48787 185.187.242.52 53 UDP",149.102.157.168,53,0.0,0.0,0.0,0.0,0.0,0.0,UDP,0.0,0.0,0.0,0.0,0.0,0.0,0.0,0.0,0.0,0.0,"",0.0,0.0,0.0,0.0,0.0,45.0,90.0,0.0,0.0,0.0,0.0,1.0,1.0,2.0,87.0,132.0,0.0,0.0,0.0,0.0,0.0,0.0,0.0,0.0,0.0,Hulk,1,0.0,DE
86976,"149.102.157.168 44433 185.187.242.52 53 UDP",149.102.157.168,53,0.0,0.0,0.0,0.0,0.0,0.0,UDP,0.0,0.0,0.0,0.0,0.0,0.0,0.0,0.0,0.0,0.0,"",0.0,0.0,0.0,0.0,0.0,43.0,94.0,0.0,0.0,0.0,0.0,1.0,1.0,2.0,85.0,136.0,0.0,0.0,0.0,0.0,0.0,0.0,0.0,0.0,0.0,Hulk,1,0.0,DE
86977,"149.102.157.168 58201 185.187.242.52 53 UDP",149.102.157.168,53,0.0,0.0,0.0,0.0,0.0,0.0,UDP,0.0,0.0,0.0,0.0,0.0,0.0,0.0,0.0,0.0,0.0,"",0.0,0.0,0.0,0.0,0.0,42.0,122.0,0.0,0.0,0.0,0.0,1.0,1.0,2.0,84.0,164.0,0.0,0.0,0.0,0.0,0.0,0.0,0.0,0.0,0.0,Hulk,1,0.0,DE
86978,"149.102.157.168 55911 185.187.242.52 53 UDP",149.102.157.168,53,0.0,0.0,0.0,0.0,0.0,0.0,UDP,0.0,0.0,0.0,0.0,0.0,0.0,0.0,0.0,0.0,0.0,"",0.0,0.0,0.0,0.0,0.0,58.0,169.0,0.0,0.0,0.0,0.0,1.0,1.0,2.0,100.0,211.0,0.0,0.0,0.0,0.0,0.0,0.0,0.0,0.0,0.0,Hulk,1,0.0,DE
86979,"149.102.157.168 54280 185.187.242.52 53 UDP",149.102.157.168,53,0.0,0.0,0.0,0.0,0.0,0.0,UDP,0.0,0.0,0.0,0.0,0.0,0.0,0.0,0.0,0.0,0.0,"",0.0,0.0,0.0,0.0,0.0,42.0,106.0,0.0,0.0,0.0,0.0,1.0,1.0,2.0,84.0,148.0,0.0,0.0,0.0,0.0,0.0,0.0,0.0,0.0,0.0,Hulk,1,0.0,DE
86980,"149.102.157.168 48865 185.187.242.52 53 UDP",149.102.157.168,53,0.0,0.0,0.0,0.0,0.0,0.0,UDP,0.0,0.0,0.0,0.0,0.0,0.0,0.0,0.0,0.0,0.0,"",0.0,0.0,0.0,0.0,0.0,44.0,94.0,0.0,0.0,0.0,0.0,1.0,1.0,2.0,86.0,136.0,0.0,0.0,0.0,0.0,0.0,0.0,0.0,0.0,0.0,Hulk,1,0.0,DE
86982,"149.102.157.168 54837 185.187.242.52 53 UDP",149.102.157.168,53,0.0,0.0,0.0,0.0,0.0,0.0,UDP,0.0,0.0,0.0,0.0,0.0,0.0,0.0,0.0,0.0,0.0,"",0.0,0.0,0.0,0.0,0.0,43.0,59.0,0.0,0.0,0.0,0.0,1.0,1.0,2.0,85.0,101.0,0.0,0.0,0.0,0.0,0.0,0.0,0.0,0.0,0.0,Hulk,1,0.0,DE
86984,"149.102.157.168 48769 185.187.242.52 53 UDP",149.102.157.168,53,0.0,0.0,0.0,0.0,0.0,0.0,UDP,0.0,0.0,0.0,0.0,0.0,0.0,0.0,0.0,0.0,0.0,"",0.0,0.0,0.0,0.0,0.0,42.0,93.0,0.0,0.0,0.0,0.0,1.0,1.0,2.0,84.0,135.0,0.0,0.0,0.0,0.0,0.0,0.0,0.0,0.0,0.0,Hulk,1,0.0,DE
86989,"149.102.157.168 43672 185.187.242.52 53 UDP",149.102.157.168,53,0.0,0.0,0.0,0.0,0.0,0.0,UDP,0.0,0.0,0.0,0.0,0.0,0.0,0.0,0.0,0.0,0.0,"",0.0,0.0,0.0,0.0,0.0,55.0,71.0,0.0,0.0,0.0,0.0,1.0,1.0,2.0,97.0,113.0,0.0,0.0,0.0,0.0,0.0,0.0,0.0,0.0,0.0,Hulk,1,0.0,DE
86991,"149.102.157.168 44422 185.187.242.52 53 UDP",149.102.157.168,53,0.0,0.0,0.0,0.0,0.0,0.0,UDP,0.0,0.0,0.0,0.0,0.0,0.0,0.0,0.0,0.0,0.0,"",0.0,0.0,0.0,0.0,0.0,47.0,96.0,0.0,0.0,0.0,0.0,1.0,1.0,2.0,89.0,138.0,0.0,0.0,0.0,0.0,0.0,0.0,0.0,0.0,0.0,Hulk,1,0.0,DE
86992,"149.102.157.168 41367 185.187.242.52 53 UDP",149.102.157.168,53,0.0,0.0,0.0,0.0,0.0,0.0,UDP,0.0,0.0,0.0,0.0,0.0,0.0,0.0,0.0,0.0,0.0,"",0.0,0.0,0.0,0.0,0.0,46.0,106.0,0.0,0.0,0.0,0.0,1.0,1.0,2.0,88.0,148.0,0.0,0.0,0.0,0.0,0.0,0.0,0.0,0.0,0.0,Hulk,1,0.0,DE
87149,"120.133.218.125 8082 149.102.157.168 8082 UDP",120.133.218.125,8082,0.0,0.0,0.0,0.0,0.0,0.0,UDP,0.0,0.0,0.0,0.0,0.0,0.0,0.0,0.0,0.0,0.0,"",0.0,0.0,0.0,0.0,0.0,93.0,0.0,0.0,0.0,0.0,0.0,1.0,0.0,1.0,135.0,0.0,0.0,0.0,0.0,0.0,0.0,0.0,0.0,0.0,0.0,Hulk,1,0.0,CN
87314,"43.129.52.32 44531 149.102.157.168 8080 UDP",43.129.52.32,8080,0.0,0.0,0.0,0.0,0.0,0.0,UDP,0.0,0.0,0.0,0.0,0.0,0.0,0.0,0.0,0.0,0.0,"",0.0,0.0,0.0,0.0,0.0,48.0,0.0,0.0,0.0,0.0,0.0,1.0,0.0,1.0,90.0,0.0,0.0,0.0,0.0,0.0,0.0,0.0,0.0,0.0,0.0,Hulk,1,0,ID
87481,"107.170.235.38 33463 149.102.157.168 88 TCP",107.170.235.38,88,0x0002,0x0014,0.0,0.000100357,65535,0,TCP,0.0,0.0,0.0,0.0,0.0,0.0,1.0,0.0,0.0,0.0,"",0.0,0.0,0.0,0.0,537986.7363420428,0.0,0.0,0.0,9962.717339667459,0.0,0.0,1.0,1.0,2.0,60.0,54.0,0.0,0.00010037422180175781,0.0,54.0,0.0,0.0,0.0,0.0,0.0,Hulk,1,0,US
87482,"91.218.115.175 54314 149.102.157.168 8874 TCP",91.218.115.175,8874,0x0004,0x0014,0.052642406,8.6111e-05,1200,0,TCP,0.0,0.0,0.0,0.0,0.0,0.0,1.0,0.0,0.0,0.0,"",0.0,0.0,0.0,2275.802495930548,627402.8144044321,0.0,0.0,37.930041598842465,11618.570637119114,0.0,0.0,2.0,1.0,3.0,120.0,54.0,0.05272865295410156,8.606910705566406e-05,60.0,54.0,0.0,0.0,0.0,0.0,0.0,Hulk,1,0,RU
87483,"79.110.62.71 44523 149.102.157.168 8080 TCP",79.110.62.71,8080,0x0002,0x0014,0.0,0.000245678,65535,0,TCP,0.0,0.0,0.0,0.0,0.0,0.0,1.0,0.0,0.0,0.0,"",0.0,0.0,0.0,0.0,219895.5495145631,0.0,0.0,0.0,4072.1398058252425,0.0,0.0,1.0,1.0,2.0,60.0,54.0,0.0,0.0002455711364746094,0.0,54.0,0.0,0.0,0.0,0.0,0.0,Hulk,1,0,NL
87484,"91.218.115.175 54314 149.102.157.168 5061 TCP",91.218.115.175,5061,0x0004,0x0014,0.050579197,8.0811e-05,1200,0,TCP,0.0,0.0,0.0,0.0,0.0,0.0,1.0,0.0,0.0,0.0,"",0.0,0.0,0.0,2368.726492347659,668119.221238938,0.0,0.0,39.47877487246099,12372.578171091445,0.0,0.0,2.0,1.0,3.0,120.0,54.0,0.050660133361816406,8.082389831542969e-05,60.0,54.0,0.0,0.0,0.0,0.0,0.0,Hulk,2,0,RU
87738,"79.124.60.194 54781 149.102.157.168 7929 TCP",79.124.60.194,7929,0x0004,0x0014,0.041943053,5.9391e-05,1200,0,TCP,0.0,0.0,0.0,0.0,0.0,0.0,1.0,0.0,0.0,0.0,"",0.0,0.0,0.0,2856.976914475141,909608.0963855422,0.0,0.0,47.61628190791901,16844.59437751004,0.0,0.0,2.0,1.0,3.0,120.0,54.0,0.04200243949890137,5.936622619628906e-05,60.0,54.0,0.0,0.0,0.0,0.0,0.0,Hulk,1,0,BG
87740,"91.218.115.175 54314 149.102.157.168 50003 TCP",91.218.115.175,50003,0x0004,0x0014,0.055107994,8.1853e-05,1200,0,TCP,0.0,0.0,0.0,0.0,0.0,0.0,1.0,0.0,0.0,0.0,"",0.0,0.0,0.0,2174.3129301071785,660327.7434402333,0.0,0.0,36.238548835119644,12228.291545189504,0.0,0.0,2.0,1.0,3.0,120.0,54.0,0.05518984794616699,8.177757263183594e-05,60.0,54.0,0.0,0.0,0.0,0.0,0.0,Hulk,1,0,RU
87741,"91.218.115.175 54314 149.102.157.168 3523 TCP",91.218.115.175,3523,0x0004,0x0014,0.054068818,8.8314e-05,1200,0,TCP,0.0,0.0,0.0,0.0,0.0,0.0,1.0,0.0,0.0,0.0,"",0.0,0.0,0.0,2215.7792833841804,612141.6648648649,0.0,0.0,36.929654723069675,11335.956756756757,0.0,0.0,2.0,1.0,3.0,120.0,54.0,0.05415701866149902,8.821487426757812e-05,60.0,54.0,0.0,0.0,0.0,0.0,0.0,Hulk,2,0,RU
87742,"205.210.31.229 53508 149.102.157.168 6443 TCP",205.210.31.229,6443,0x0002,0x0014,0.0,6.8948e-05,65535,0,TCP,0.0,0.0,0.0,0.0,0.0,0.0,1.0,0.0,0.0,0.0,"",0.0,0.0,0.0,0.0,783710.7820069204,0.0,0.0,0.0,14513.162629757786,0.0,0.0,1.0,1.0,2.0,60.0,54.0,0.0,6.890296936035156e-05,0.0,54.0,0.0,0.0,0.0,0.0,0.0,Hulk,1,0,US
87743,"79.110.62.88 53444 149.102.157.168 10000 TCP",79.110.62.88,10000,0x0004,0x0014,0.012307883,9.9916e-05,1200,0,TCP,0.0,0.0,0.0,0.0,0.0,0.0,1.0,0.0,0.0,0.0,"",0.0,0.0,0.0,9671.35160063026,540554.6921241051,0.0,0.0,161.18919334383767,10010.272076372315,0.0,0.0,2.0,1.0,3.0,120.0,54.0,0.012407779693603516,9.989738464355469e-05,60.0,54.0,0.0,0.0,0.0,0.0,0.0,Hulk,1,0,NL
87744,"167.248.133.158 32549 149.102.157.168 16037 TCP",167.248.133.158,16037,0x0002,0x0014,0.0,8.1653e-05,1024,0,TCP,0.0,0.0,0.0,0.0,0.0,0.0,1.0,0.0,0.0,0.0,"",0.0,0.0,0.0,0.0,660327.7434402333,0.0,0.0,0.0,12228.291545189504,0.0,0.0,1.0,1.0,2.0,60.0,54.0,0.0,8.177757263183594e-05,0.0,54.0,0.0,0.0,0.0,0.0,0.0,Hulk,1,0,US
87745,"78.128.114.70 54780 149.102.157.168 43632 TCP",78.128.114.70,43632,0x0004,0x0014,0.040550261,0.000110845,1200,0,TCP,0.0,0.0,0.0,0.0,0.0,0.0,1.0,0.0,0.0,0.0,"",0.0,0.0,0.0,2951.2238998504795,487080.46451612905,0.0,0.0,49.18706499750799,9020.008602150538,0.0,0.0,2.0,1.0,3.0,120.0,54.0,0.04066109657287598,0.00011086463928222656,60.0,54.0,0.0,0.0,0.0,0.0,0.0,Hulk,1,0,BG
87820,"71.6.134.230 48401 149.102.157.168 6001 TCP",71.6.134.230,6001,0x0002,0x0014,0.0,8.8565e-05,65535,0,TCP,0.0,0.0,0.0,0.0,0.0,0.0,1.0,0.0,0.0,0.0,"",0.0,0.0,0.0,0.0,608850.5806451613,0.0,0.0,0.0,11275.010752688173,0.0,0.0,1.0,1.0,2.0,60.0,54.0,0.0,8.869171142578125e-05,0.0,54.0,0.0,0.0,0.0,0.0,0.0,Portscan,1,0,US
87821,"167.94.138.137 49655 149.102.157.168 3306 TCP",167.94.138.137,3306,0x0002,0x0014,0.0,8.0169e-05,1024,0,TCP,0.0,0.0,0.0,0.0,0.0,0.0,1.0,0.0,0.0,0.0,"",0.0,0.0,0.0,0.0,674084.5714285715,0.0,0.0,0.0,12483.047619047618,0.0,0.0,1.0,1.0,2.0,60.0,54.0,0.0,8.0108642578125e-05,0.0,54.0,0.0,0.0,0.0,0.0,0.0,Portscan,1,0,US
87822,"138.197.178.175 55148 149.102.157.168 50001 TCP",138.197.178.175,50001,0x0002,0x0014,0.0,5.7989e-05,65535,0,TCP,0.0,0.0,0.0,0.0,0.0,0.0,1.0,0.0,0.0,0.0,"",0.0,0.0,0.0,0.0,932067.5555555555,0.0,0.0,0.0,17260.510288065845,0.0,0.0,1.0,1.0,2.0,74.0,54.0,0.0,5.793571472167969e-05,0.0,54.0,0.0,0.0,0.0,0.0,0.0,Portscan,1,0,DE
88553,"79.110.62.80 53452 149.102.157.168 3393 TCP",79.110.62.80,3393,0x0004,0x0014,0.274894541,6.7586e-05,1200,0,TCP,0.0,0.0,0.0,0.0,0.0,0.0,1.0,0.0,0.0,0.0,"",0.0,0.0,0.0,436.42364570462377,797508.5070422535,0.0,0.0,7.273727428410396,14768.676056338029,0.0,0.0,2.0,1.0,3.0,120.0,54.0,0.2749621868133545,6.771087646484375e-05,60.0,54.0,0.0,0.0,0.0,0.0,0.0,Hulk,1,0.0,NL
88554,"205.210.31.213 52042 149.102.157.168 2084 TCP",205.210.31.213,2084,0x0002,0x0014,0.0,7.1684e-05,65535,0,TCP,0.0,0.0,0.0,0.0,0.0,0.0,1.0,0.0,0.0,0.0,"",0.0,0.0,0.0,0.0,752466.4983388705,0.0,0.0,0.0,13934.564784053156,0.0,0.0,1.0,1.0,2.0,60.0,54.0,0.0,7.176399230957031e-05,0.0,54.0,0.0,0.0,0.0,0.0,0.0,Hulk,1,0.0,US
88555,"79.110.62.80 53452 149.102.157.168 3344 TCP",79.110.62.80,3344,0x0004,0x0014,0.325906098,8.1011e-05,1200,0,TCP,0.0,0.0,0.0,0.0,0.0,0.0,1.0,0.0,0.0,0.0,"",0.0,0.0,0.0,368.11272525413426,668119.221238938,0.0,0.0,6.135212087568904,12372.578171091445,0.0,0.0,2.0,1.0,3.0,120.0,54.0,0.3259871006011963,8.082389831542969e-05,60.0,54.0,0.0,0.0,0.0,0.0,0.0,Hulk,2,0.0,NL
88556,"185.233.19.253 58914 149.102.157.168 8085 TCP",185.233.19.253,8085,0x0004,0x0014,0.311364419,9.8603e-05,1200,0,TCP,0.0,0.0,0.0,0.0,0.0,0.0,1.0,0.0,0.0,0.0,"",0.0,0.0,0.0,385.27865765441646,548407.7869249395,0.0,0.0,6.421310960906941,10155.69975786925,0.0,0.0,2.0,1.0,3.0,120.0,54.0,0.3114628791809082,9.846687316894531e-05,60.0,54.0,0.0,0.0,0.0,0.0,0.0,Hulk,1,0.0,HK
88557,"149.102.157.168 41022 34.117.237.239 443 TCP",149.102.157.168,443,0x0010,0x0018,5.8799e-05,0.004346782,501,287,TCP,0.0,0.0,0.0,0.0,0.0,0.0,0.0,1.0,0.0,0.0,"",0.0,0.0,0.0,38815.13064184436,24155.436594997806,39.0,39.0,453.9781361619223,230.0517770952172,0.0,0.0,2.0,1.0,3.0,171.0,105.0,0.004405498504638672,0.0043468475341796875,85.5,105.0,0.0,0.0,0.0,0.0,0.0,Hulk,1,0.0,DE
88558,"205.210.31.222 54291 149.102.157.168 4024 TCP",205.210.31.222,4024,0x0002,0x0014,0.0,8.4066e-05,65535,0,TCP,0.0,0.0,0.0,0.0,0.0,0.0,1.0,0.0,0.0,0.0,"",0.0,0.0,0.0,0.0,641621.5750708216,0.0,0.0,0.0,11881.881019830029,0.0,0.0,1.0,1.0,2.0,60.0,54.0,0.0,8.416175842285156e-05,0.0,54.0,0.0,0.0,0.0,0.0,0.0,Hulk,1,0.0,US
88559,"162.216.150.126 50485 149.102.157.168 57815 TCP",162.216.150.126,57815,0x0002,0x0014,0.0,8.2413e-05,1024,0,TCP,0.0,0.0,0.0,0.0,0.0,0.0,1.0,0.0,0.0,0.0,"",0.0,0.0,0.0,0.0,656499.7565217392,0.0,0.0,0.0,12157.402898550725,0.0,0.0,1.0,1.0,2.0,60.0,54.0,0.0,8.225440979003906e-05,0.0,54.0,0.0,0.0,0.0,0.0,0.0,Hulk,1,0.0,US
90650,"87.251.64.140 2353 149.102.157.168 53579 TCP",87.251.64.140,53579,0x0014,0x0018,0.058474973,0.006287634,0,64256,TCP,0.02928697325,0.0022435833333333335,0.0009802443150087625,1.2267091814934334e-05,0.02928675085482627,0.003502440836750042,0.0,1.0,0.0,0.0,"",0.0,0.0,0.0,1175.5278318630794,1547.6574317128989,44.0,19.0,16.556730026240555,24.056851270148687,484.0,120.33333333333333,4.0,3.0,7.0,284.0,193.0,0.241593599319458,0.12470459938049316,71.0,64.33333333333333,21.93931022920578,9.60902353693305,481.3333333333333,92.33333333333333,0.0,Hulk,1,0,RU
91518,"80.66.88.205 26841 149.102.157.168 53579 TCP",80.66.88.205,53579,0x0014,0x0018,0.036391512,0.006615622,0,64256,TCP,0.018186215500000002,0.0023136896666666666,0.0003779757517941557,1.3880479939340332e-05,0.018185950148944273,0.0037256516127169396,0.0,1.0,0.0,0.0,"",0.0,0.0,0.0,1860.1963854311607,2409.099131594141,44.0,19.0,26.19994909057973,37.44713676053068,484.0,120.33333333333333,4.0,3.0,7.0,284.0,193.0,0.15267205238342285,0.08011293411254883,71.0,64.33333333333333,21.93931022920578,9.60902353693305,481.3333333333333,92.33333333333333,0.0,Hulk,1,0,NL
91523,"167.71.85.151 59224 149.102.157.168 443 TCP",167.71.85.151,443,0x0014,0x0018,7.1683e-05,0.00011797,64128,64896,TCP,0.026010488666666668,0.0011105280000000002,0.0013882283347182076,4.283851182056667e-06,0.035672715626348904,0.0020697466468282215,1.0,3.0,0.0,0.0,"",0.0,0.0,0.0,1182.8153449700978,15435.186691020503,350.0,3550.0,9.412323700027303,16.15404153952957,20416.666666666668,1887969.0,6.0,4.0,10.0,754.0,3822.0,0.6374621391296387,0.24761605262756348,125.66666666666667,955.5,156.52475842498527,1372.3161686239314,24500.0,1883251.6666666667,3.790855407714844e-05,Hulk,2,0,US
91524,"167.71.85.151 59230 149.102.157.168 443 TCP",167.71.85.151,443,0x0014,0x0018,0.001068632,0.000177391,64128,64896,TCP,0.024822110166666668,0.000511451,0.0013156548134385423,6.372879825313333e-07,0.034727754207818616,0.0007983031896036326,1.0,3.0,0.0,0.0,"",0.0,0.0,0.0,1235.2379868364812,14695.344596522895,336.0,3055.0,10.01544313651201,17.667982682925032,18816.0,2026280.25,6.0,4.0,10.0,740.0,3327.0,0.5990748405456543,0.22639822959899902,123.33333333333333,831.75,150.26376808798588,1422.0488446838478,22579.2,2022222.9166666667,4.744529724121094e-05,Hulk,2,0,US
91525,"167.71.85.151 59232 149.102.157.168 443 TCP",167.71.85.151,443,0x0014,0x0018,0.000707949,9.1921e-05,64128,64768,TCP,0.024449895285714285,0.000476696,0.0011267461265342066,6.733490905939999e-07,0.03234600841453535,0.000820578509707633,1.0,4.0,0.0,0.0,"",0.0,0.0,0.0,1030.3414537147123,11361.32844287074,417.0,3055.0,8.131217785798182,13.659547271260282,24841.285714285714,2026280.25,7.0,4.0,11.0,887.0,3327.0,0.86087965965271,0.2928354740142822,126.71428571428571,831.75,170.23953712343086,1422.0488446838478,28981.5,2022222.9166666667,3.4809112548828125e-05,Hulk,2,0,US
91527,"167.71.85.151 59246 149.102.157.168 443 TCP",167.71.85.151,443,0x0014,0x0018,0.013071058,6.1083e-05,64128,64768,TCP,0.0267073195,0.000409233,0.0012219849672116278,4.606351861386667e-07,0.033468685164055344,0.0006787011022082304,1.0,3.0,0.0,0.0,"",0.0,0.0,0.0,1376.2905617876856,15876.342865167404,431.0,3286.0,9.88951301883367,17.84861480063789,30960.166666666668,1946489.0,6.0,4.0,10.0,835.0,3558.0,0.6067032814025879,0.224107027053833,139.16666666666666,889.5,192.74905966048186,1393.6009711056702,37152.2,1942123.6666666667,3.0994415283203125e-05,Hulk,2,0,US
91528,"167.71.85.151 59252 149.102.157.168 443 TCP",167.71.85.151,443,0x0014,0x0018,5e-08,8.2724e-05,64128,64768,TCP,0.026108292666666668,0.0005186795,0.0012714546622843268,7.940844562976667e-07,0.034139421598702674,0.0008911141656924026,1.0,3.0,0.0,0.0,"",0.0,0.0,0.0,1319.9612104656364,14108.676541451208,431.0,3270.0,9.48475121292673,15.933005693338462,30960.166666666668,1951155.6666666667,6.0,4.0,10.0,835.0,3542.0,0.6325943470001221,0.2510511875152588,139.16666666666666,885.5,192.74905966048186,1395.2819308894768,37152.2,1946811.6666666667,5.9604644775390625e-05,Hulk,2,0,US
91988,"149.102.157.168 51460 185.187.242.52 53 UDP",149.102.157.168,53,0.0,0.0,0.0,0.0,0.0,0.0,UDP,0.0,0.0,0.0,0.0,0.0,0.0,0.0,0.0,0.0,0.0,"",0.0,0.0,0.0,0.0,0.0,48.0,114.0,0.0,0.0,0.0,0.0,1.0,1.0,2.0,90.0,156.0,0.0,0.0,0.0,0.0,0.0,0.0,0.0,0.0,0.0,Hulk,1,0.0,DE
91989,"149.102.157.168 57813 185.187.242.52 53 UDP",149.102.157.168,53,0.0,0.0,0.0,0.0,0.0,0.0,UDP,0.0,0.0,0.0,0.0,0.0,0.0,0.0,0.0,0.0,0.0,"",0.0,0.0,0.0,0.0,0.0,62.0,143.0,0.0,0.0,0.0,0.0,1.0,1.0,2.0,104.0,185.0,0.0,0.0,0.0,0.0,0.0,0.0,0.0,0.0,0.0,Hulk,1,0.0,DE
91991,"149.102.157.168 55154 34.149.97.1 443 UDP",149.102.157.168,443,0.0,0.0,0.0,0.0,0.0,0.0,UDP,0.0,0.0,0.0,0.0,0.0,0.0,0.0,0.0,0.0,0.0,"",0.0,0.0,0.0,0.0,0.0,1845.0,9742.0,0.0,0.0,0.0,0.0,5.0,11.0,16.0,2055.0,10204.0,0.0,0.0,0.0,0.0,0.0,593.828977522531,0.0,352632.85454545455,0.0,Hulk,1,0.0,DE
92821,"185.16.39.29 39435 149.102.157.168 3283 UDP",185.16.39.29,3283,0.0,0.0,0.0,0.0,0.0,0.0,UDP,0.0,0.0,0.0,0.0,0.0,0.0,0.0,0.0,0.0,0.0,"",0.0,0.0,0.0,0.0,0.0,5.0,0.0,0.0,0.0,0.0,0.0,1.0,0.0,1.0,60.0,0.0,0.0,0.0,0.0,0.0,0.0,0.0,0.0,0.0,0.0,Hulk,1,0.0,PL
92824,"149.102.157.168 52370 185.187.242.52 53 UDP",149.102.157.168,53,0.0,0.0,0.0,0.0,0.0,0.0,UDP,0.0,0.0,0.0,0.0,0.0,0.0,0.0,0.0,0.0,0.0,"",0.0,0.0,0.0,0.0,0.0,47.0,63.0,0.0,0.0,0.0,0.0,1.0,1.0,2.0,89.0,105.0,0.0,0.0,0.0,0.0,0.0,0.0,0.0,0.0,0.0,Hulk,1,0.0,DE
92825,"149.102.157.168 47749 185.187.242.52 53 UDP",149.102.157.168,53,0.0,0.0,0.0,0.0,0.0,0.0,UDP,0.0,0.0,0.0,0.0,0.0,0.0,0.0,0.0,0.0,0.0,"",0.0,0.0,0.0,0.0,0.0,47.0,108.0,0.0,0.0,0.0,0.0,1.0,1.0,2.0,89.0,150.0,0.0,0.0,0.0,0.0,0.0,0.0,0.0,0.0,0.0,Hulk,1,0.0,DE
93157,"149.102.157.168 56819 185.125.190.58 123 UDP",149.102.157.168,123,0.0,0.0,0.0,0.0,0.0,0.0,UDP,0.0,0.0,0.0,0.0,0.0,0.0,0.0,0.0,0.0,0.0,"",0.0,0.0,0.0,0.0,0.0,48.0,48.0,0.0,0.0,0.0,0.0,1.0,1.0,2.0,90.0,90.0,0.0,0.0,0.0,0.0,0.0,0.0,0.0,0.0,0.0,Hulk,1,0.0,DE
94914,"149.102.157.168 48896 185.187.242.52 53 UDP",149.102.157.168,53,0.0,0.0,0.0,0.0,0.0,0.0,UDP,0.0,0.0,0.0,0.0,0.0,0.0,0.0,0.0,0.0,0.0,"",0.0,0.0,0.0,0.0,0.0,53.0,164.0,0.0,0.0,0.0,0.0,1.0,1.0,2.0,95.0,206.0,0.0,0.0,0.0,0.0,0.0,0.0,0.0,0.0,0.0,Hulk,1,0.0,DE
94916,"149.102.157.168 39471 185.187.242.52 53 UDP",149.102.157.168,53,0.0,0.0,0.0,0.0,0.0,0.0,UDP,0.0,0.0,0.0,0.0,0.0,0.0,0.0,0.0,0.0,0.0,"",0.0,0.0,0.0,0.0,0.0,40.0,56.0,0.0,0.0,0.0,0.0,1.0,1.0,2.0,82.0,98.0,0.0,0.0,0.0,0.0,0.0,0.0,0.0,0.0,0.0,Hulk,1,0.0,DE
94917,"149.102.157.168 54971 185.187.242.52 53 UDP",149.102.157.168,53,0.0,0.0,0.0,0.0,0.0,0.0,UDP,0.0,0.0,0.0,0.0,0.0,0.0,0.0,0.0,0.0,0.0,"",0.0,0.0,0.0,0.0,0.0,42.0,74.0,0.0,0.0,0.0,0.0,1.0,1.0,2.0,84.0,116.0,0.0,0.0,0.0,0.0,0.0,0.0,0.0,0.0,0.0,Hulk,1,0.0,DE
94919,"149.102.157.168 51200 185.187.242.52 53 UDP",149.102.157.168,53,0.0,0.0,0.0,0.0,0.0,0.0,UDP,0.0,0.0,0.0,0.0,0.0,0.0,0.0,0.0,0.0,0.0,"",0.0,0.0,0.0,0.0,0.0,57.0,73.0,0.0,0.0,0.0,0.0,1.0,1.0,2.0,99.0,115.0,0.0,0.0,0.0,0.0,0.0,0.0,0.0,0.0,0.0,Hulk,1,0.0,DE
94921,"149.102.157.168 60582 185.187.242.52 53 UDP",149.102.157.168,53,0.0,0.0,0.0,0.0,0.0,0.0,UDP,0.0,0.0,0.0,0.0,0.0,0.0,0.0,0.0,0.0,0.0,"",0.0,0.0,0.0,0.0,0.0,66.0,144.0,0.0,0.0,0.0,0.0,1.0,1.0,2.0,108.0,186.0,0.0,0.0,0.0,0.0,0.0,0.0,0.0,0.0,0.0,Hulk,1,0.0,DE
94923,"149.102.157.168 52374 185.187.242.52 53 UDP",149.102.157.168,53,0.0,0.0,0.0,0.0,0.0,0.0,UDP,0.0,0.0,0.0,0.0,0.0,0.0,0.0,0.0,0.0,0.0,"",0.0,0.0,0.0,0.0,0.0,43.0,174.0,0.0,0.0,0.0,0.0,1.0,1.0,2.0,85.0,216.0,0.0,0.0,0.0,0.0,0.0,0.0,0.0,0.0,0.0,Hulk,1,0.0,DE
94925,"149.102.157.168 47459 185.187.242.52 53 UDP",149.102.157.168,53,0.0,0.0,0.0,0.0,0.0,0.0,UDP,0.0,0.0,0.0,0.0,0.0,0.0,0.0,0.0,0.0,0.0,"",0.0,0.0,0.0,0.0,0.0,48.0,114.0,0.0,0.0,0.0,0.0,1.0,1.0,2.0,90.0,156.0,0.0,0.0,0.0,0.0,0.0,0.0,0.0,0.0,0.0,Hulk,1,0.0,DE
94926,"149.102.157.168 38446 34.117.188.166 443 UDP",149.102.157.168,443,0.0,0.0,0.0,0.0,0.0,0.0,UDP,0.0,0.0,0.0,0.0,0.0,0.0,0.0,0.0,0.0,0.0,"",0.0,0.0,0.0,0.0,0.0,2404.0,16245.0,0.0,0.0,0.0,0.0,17.0,21.0,38.0,3118.0,17127.0,0.0,0.0,0.0,0.0,0.0,605.6203077365035,0.0,366775.95714285714,0.0,Hulk,1,0.0,DE
94929,"149.102.157.168 57683 185.187.242.52 53 UDP",149.102.157.168,53,0.0,0.0,0.0,0.0,0.0,0.0,UDP,0.0,0.0,0.0,0.0,0.0,0.0,0.0,0.0,0.0,0.0,"",0.0,0.0,0.0,0.0,0.0,44.0,60.0,0.0,0.0,0.0,0.0,1.0,1.0,2.0,86.0,102.0,0.0,0.0,0.0,0.0,0.0,0.0,0.0,0.0,0.0,Hulk,1,0.0,DE
94930,"149.102.157.168 39399 185.187.242.52 53 UDP",149.102.157.168,53,0.0,0.0,0.0,0.0,0.0,0.0,UDP,0.0,0.0,0.0,0.0,0.0,0.0,0.0,0.0,0.0,0.0,"",0.0,0.0,0.0,0.0,0.0,45.0,90.0,0.0,0.0,0.0,0.0,1.0,1.0,2.0,87.0,132.0,0.0,0.0,0.0,0.0,0.0,0.0,0.0,0.0,0.0,Hulk,1,0.0,DE
94931,"149.102.157.168 51454 185.187.242.52 53 UDP",149.102.157.168,53,0.0,0.0,0.0,0.0,0.0,0.0,UDP,0.0,0.0,0.0,0.0,0.0,0.0,0.0,0.0,0.0,0.0,"",0.0,0.0,0.0,0.0,0.0,43.0,94.0,0.0,0.0,0.0,0.0,1.0,1.0,2.0,85.0,136.0,0.0,0.0,0.0,0.0,0.0,0.0,0.0,0.0,0.0,Hulk,1,0.0,DE
94932,"149.102.157.168 58306 185.187.242.52 53 UDP",149.102.157.168,53,0.0,0.0,0.0,0.0,0.0,0.0,UDP,0.0,0.0,0.0,0.0,0.0,0.0,0.0,0.0,0.0,0.0,"",0.0,0.0,0.0,0.0,0.0,44.0,286.0,0.0,0.0,0.0,0.0,1.0,1.0,2.0,86.0,328.0,0.0,0.0,0.0,0.0,0.0,0.0,0.0,0.0,0.0,Hulk,1,0.0,DE
94933,"149.102.157.168 33149 185.187.242.52 53 UDP",149.102.157.168,53,0.0,0.0,0.0,0.0,0.0,0.0,UDP,0.0,0.0,0.0,0.0,0.0,0.0,0.0,0.0,0.0,0.0,"",0.0,0.0,0.0,0.0,0.0,42.0,122.0,0.0,0.0,0.0,0.0,1.0,1.0,2.0,84.0,164.0,0.0,0.0,0.0,0.0,0.0,0.0,0.0,0.0,0.0,Hulk,1,0.0,DE
94934,"149.102.157.168 42560 185.187.242.52 53 UDP",149.102.157.168,53,0.0,0.0,0.0,0.0,0.0,0.0,UDP,0.0,0.0,0.0,0.0,0.0,0.0,0.0,0.0,0.0,0.0,"",0.0,0.0,0.0,0.0,0.0,42.0,106.0,0.0,0.0,0.0,0.0,1.0,1.0,2.0,84.0,148.0,0.0,0.0,0.0,0.0,0.0,0.0,0.0,0.0,0.0,Hulk,1,0.0,DE
94935,"149.102.157.168 54360 185.187.242.52 53 UDP",149.102.157.168,53,0.0,0.0,0.0,0.0,0.0,0.0,UDP,0.0,0.0,0.0,0.0,0.0,0.0,0.0,0.0,0.0,0.0,"",0.0,0.0,0.0,0.0,0.0,50.0,99.0,0.0,0.0,0.0,0.0,1.0,1.0,2.0,92.0,141.0,0.0,0.0,0.0,0.0,0.0,0.0,0.0,0.0,0.0,Hulk,1,0.0,DE
94936,"149.102.157.168 46338 185.187.242.52 53 UDP",149.102.157.168,53,0.0,0.0,0.0,0.0,0.0,0.0,UDP,0.0,0.0,0.0,0.0,0.0,0.0,0.0,0.0,0.0,0.0,"",0.0,0.0,0.0,0.0,0.0,46.0,106.0,0.0,0.0,0.0,0.0,1.0,1.0,2.0,88.0,148.0,0.0,0.0,0.0,0.0,0.0,0.0,0.0,0.0,0.0,Hulk,1,0.0,DE
94937,"149.102.157.168 43169 185.187.242.52 53 UDP",149.102.157.168,53,0.0,0.0,0.0,0.0,0.0,0.0,UDP,0.0,0.0,0.0,0.0,0.0,0.0,0.0,0.0,0.0,0.0,"",0.0,0.0,0.0,0.0,0.0,39.0,93.0,0.0,0.0,0.0,0.0,1.0,1.0,2.0,81.0,135.0,0.0,0.0,0.0,0.0,0.0,0.0,0.0,0.0,0.0,Hulk,1,0.0,DE
94938,"149.102.157.168 55005 185.187.242.52 53 UDP",149.102.157.168,53,0.0,0.0,0.0,0.0,0.0,0.0,UDP,0.0,0.0,0.0,0.0,0.0,0.0,0.0,0.0,0.0,0.0,"",0.0,0.0,0.0,0.0,0.0,46.0,62.0,0.0,0.0,0.0,0.0,1.0,1.0,2.0,88.0,104.0,0.0,0.0,0.0,0.0,0.0,0.0,0.0,0.0,0.0,Hulk,1,0.0,DE
94939,"149.102.157.168 34421 185.187.242.52 53 UDP",149.102.157.168,53,0.0,0.0,0.0,0.0,0.0,0.0,UDP,0.0,0.0,0.0,0.0,0.0,0.0,0.0,0.0,0.0,0.0,"",0.0,0.0,0.0,0.0,0.0,49.0,97.0,0.0,0.0,0.0,0.0,1.0,1.0,2.0,91.0,139.0,0.0,0.0,0.0,0.0,0.0,0.0,0.0,0.0,0.0,Hulk,1,0.0,DE
94940,"149.102.157.168 44835 185.187.242.52 53 UDP",149.102.157.168,53,0.0,0.0,0.0,0.0,0.0,0.0,UDP,0.0,0.0,0.0,0.0,0.0,0.0,0.0,0.0,0.0,0.0,"",0.0,0.0,0.0,0.0,0.0,44.0,108.0,0.0,0.0,0.0,0.0,1.0,1.0,2.0,86.0,150.0,0.0,0.0,0.0,0.0,0.0,0.0,0.0,0.0,0.0,Hulk,1,0.0,DE
94941,"149.102.157.168 37138 185.187.242.52 53 UDP",149.102.157.168,53,0.0,0.0,0.0,0.0,0.0,0.0,UDP,0.0,0.0,0.0,0.0,0.0,0.0,0.0,0.0,0.0,0.0,"",0.0,0.0,0.0,0.0,0.0,38.0,70.0,0.0,0.0,0.0,0.0,1.0,1.0,2.0,80.0,112.0,0.0,0.0,0.0,0.0,0.0,0.0,0.0,0.0,0.0,Hulk,1,0.0,DE
94942,"149.102.157.168 48926 185.187.242.52 53 UDP",149.102.157.168,53,0.0,0.0,0.0,0.0,0.0,0.0,UDP,0.0,0.0,0.0,0.0,0.0,0.0,0.0,0.0,0.0,0.0,"",0.0,0.0,0.0,0.0,0.0,48.0,112.0,0.0,0.0,0.0,0.0,1.0,1.0,2.0,90.0,154.0,0.0,0.0,0.0,0.0,0.0,0.0,0.0,0.0,0.0,Hulk,1,0.0,DE
94943,"149.102.157.168 44917 185.187.242.52 53 UDP",149.102.157.168,53,0.0,0.0,0.0,0.0,0.0,0.0,UDP,0.0,0.0,0.0,0.0,0.0,0.0,0.0,0.0,0.0,0.0,"",0.0,0.0,0.0,0.0,0.0,39.0,71.0,0.0,0.0,0.0,0.0,1.0,1.0,2.0,81.0,113.0,0.0,0.0,0.0,0.0,0.0,0.0,0.0,0.0,0.0,Hulk,1,0.0,DE
94944,"149.102.157.168 43740 185.187.242.52 53 UDP",149.102.157.168,53,0.0,0.0,0.0,0.0,0.0,0.0,UDP,0.0,0.0,0.0,0.0,0.0,0.0,0.0,0.0,0.0,0.0,"",0.0,0.0,0.0,0.0,0.0,38.0,102.0,0.0,0.0,0.0,0.0,1.0,1.0,2.0,80.0,144.0,0.0,0.0,0.0,0.0,0.0,0.0,0.0,0.0,0.0,Hulk,1,0.0,DE
94945,"149.102.157.168 35820 185.187.242.52 53 UDP",149.102.157.168,53,0.0,0.0,0.0,0.0,0.0,0.0,UDP,0.0,0.0,0.0,0.0,0.0,0.0,0.0,0.0,0.0,0.0,"",0.0,0.0,0.0,0.0,0.0,38.0,54.0,0.0,0.0,0.0,0.0,1.0,1.0,2.0,80.0,96.0,0.0,0.0,0.0,0.0,0.0,0.0,0.0,0.0,0.0,Hulk,1,0.0,DE
94946,"149.102.157.168 46921 185.187.242.52 53 UDP",149.102.157.168,53,0.0,0.0,0.0,0.0,0.0,0.0,UDP,0.0,0.0,0.0,0.0,0.0,0.0,0.0,0.0,0.0,0.0,"",0.0,0.0,0.0,0.0,0.0,40.0,95.0,0.0,0.0,0.0,0.0,1.0,1.0,2.0,82.0,137.0,0.0,0.0,0.0,0.0,0.0,0.0,0.0,0.0,0.0,Hulk,1,0.0,DE
94947,"149.102.157.168 47768 185.187.242.52 53 UDP",149.102.157.168,53,0.0,0.0,0.0,0.0,0.0,0.0,UDP,0.0,0.0,0.0,0.0,0.0,0.0,0.0,0.0,0.0,0.0,"",0.0,0.0,0.0,0.0,0.0,42.0,99.0,0.0,0.0,0.0,0.0,1.0,1.0,2.0,84.0,141.0,0.0,0.0,0.0,0.0,0.0,0.0,0.0,0.0,0.0,Hulk,1,0.0,DE
94948,"149.102.157.168 37029 185.187.242.52 53 UDP",149.102.157.168,53,0.0,0.0,0.0,0.0,0.0,0.0,UDP,0.0,0.0,0.0,0.0,0.0,0.0,0.0,0.0,0.0,0.0,"",0.0,0.0,0.0,0.0,0.0,42.0,97.0,0.0,0.0,0.0,0.0,1.0,1.0,2.0,84.0,139.0,0.0,0.0,0.0,0.0,0.0,0.0,0.0,0.0,0.0,Hulk,1,0.0,DE
94949,"149.102.157.168 39807 185.187.242.52 53 UDP",149.102.157.168,53,0.0,0.0,0.0,0.0,0.0,0.0,UDP,0.0,0.0,0.0,0.0,0.0,0.0,0.0,0.0,0.0,0.0,"",0.0,0.0,0.0,0.0,0.0,37.0,101.0,0.0,0.0,0.0,0.0,1.0,1.0,2.0,79.0,143.0,0.0,0.0,0.0,0.0,0.0,0.0,0.0,0.0,0.0,Hulk,1,0.0,DE
94950,"149.102.157.168 56920 185.187.242.52 53 UDP",149.102.157.168,53,0.0,0.0,0.0,0.0,0.0,0.0,UDP,0.0,0.0,0.0,0.0,0.0,0.0,0.0,0.0,0.0,0.0,"",0.0,0.0,0.0,0.0,0.0,43.0,75.0,0.0,0.0,0.0,0.0,1.0,1.0,2.0,85.0,117.0,0.0,0.0,0.0,0.0,0.0,0.0,0.0,0.0,0.0,Hulk,1,0.0,DE
94951,"149.102.157.168 46594 185.187.242.52 53 UDP",149.102.157.168,53,0.0,0.0,0.0,0.0,0.0,0.0,UDP,0.0,0.0,0.0,0.0,0.0,0.0,0.0,0.0,0.0,0.0,"",0.0,0.0,0.0,0.0,0.0,55.0,150.0,0.0,0.0,0.0,0.0,1.0,1.0,2.0,97.0,192.0,0.0,0.0,0.0,0.0,0.0,0.0,0.0,0.0,0.0,Hulk,1,0.0,DE
94952,"149.102.157.168 33599 185.187.242.52 53 UDP",149.102.157.168,53,0.0,0.0,0.0,0.0,0.0,0.0,UDP,0.0,0.0,0.0,0.0,0.0,0.0,0.0,0.0,0.0,0.0,"",0.0,0.0,0.0,0.0,0.0,52.0,117.0,0.0,0.0,0.0,0.0,1.0,1.0,2.0,94.0,159.0,0.0,0.0,0.0,0.0,0.0,0.0,0.0,0.0,0.0,Hulk,1,0.0,DE
94953,"149.102.157.168 36082 185.187.242.52 53 UDP",149.102.157.168,53,0.0,0.0,0.0,0.0,0.0,0.0,UDP,0.0,0.0,0.0,0.0,0.0,0.0,0.0,0.0,0.0,0.0,"",0.0,0.0,0.0,0.0,0.0,44.0,94.0,0.0,0.0,0.0,0.0,1.0,1.0,2.0,86.0,136.0,0.0,0.0,0.0,0.0,0.0,0.0,0.0,0.0,0.0,Hulk,1,0.0,DE
94954,"149.102.157.168 43784 185.187.242.52 53 UDP",149.102.157.168,53,0.0,0.0,0.0,0.0,0.0,0.0,UDP,0.0,0.0,0.0,0.0,0.0,0.0,0.0,0.0,0.0,0.0,"",0.0,0.0,0.0,0.0,0.0,64.0,218.0,0.0,0.0,0.0,0.0,1.0,1.0,2.0,106.0,260.0,0.0,0.0,0.0,0.0,0.0,0.0,0.0,0.0,0.0,Hulk,1,0.0,DE
94956,"149.102.157.168 37877 185.187.242.52 53 UDP",149.102.157.168,53,0.0,0.0,0.0,0.0,0.0,0.0,UDP,0.0,0.0,0.0,0.0,0.0,0.0,0.0,0.0,0.0,0.0,"",0.0,0.0,0.0,0.0,0.0,58.0,169.0,0.0,0.0,0.0,0.0,1.0,1.0,2.0,100.0,211.0,0.0,0.0,0.0,0.0,0.0,0.0,0.0,0.0,0.0,Hulk,1,0.0,DE
94963,"149.102.157.168 59475 185.187.242.52 53 UDP",149.102.157.168,53,0.0,0.0,0.0,0.0,0.0,0.0,UDP,0.0,0.0,0.0,0.0,0.0,0.0,0.0,0.0,0.0,0.0,"",0.0,0.0,0.0,0.0,0.0,62.0,143.0,0.0,0.0,0.0,0.0,1.0,1.0,2.0,104.0,185.0,0.0,0.0,0.0,0.0,0.0,0.0,0.0,0.0,0.0,Hulk,1,0.0,DE
94965,"149.102.157.168 45514 185.187.242.52 53 UDP",149.102.157.168,53,0.0,0.0,0.0,0.0,0.0,0.0,UDP,0.0,0.0,0.0,0.0,0.0,0.0,0.0,0.0,0.0,0.0,"",0.0,0.0,0.0,0.0,0.0,64.0,80.0,0.0,0.0,0.0,0.0,1.0,1.0,2.0,106.0,122.0,0.0,0.0,0.0,0.0,0.0,0.0,0.0,0.0,0.0,Hulk,1,0.0,DE
94966,"149.102.157.168 49545 34.149.97.1 443 UDP",149.102.157.168,443,0.0,0.0,0.0,0.0,0.0,0.0,UDP,0.0,0.0,0.0,0.0,0.0,0.0,0.0,0.0,0.0,0.0,"",0.0,0.0,0.0,0.0,0.0,2041.0,12078.0,0.0,0.0,0.0,0.0,11.0,15.0,26.0,2503.0,12708.0,0.0,0.0,0.0,0.0,0.0,603.9429017476972,0.0,364747.02857142856,0.0,Hulk,1,0.0,DE
94970,"149.102.157.168 43511 185.187.242.52 53 UDP",149.102.157.168,53,0.0,0.0,0.0,0.0,0.0,0.0,UDP,0.0,0.0,0.0,0.0,0.0,0.0,0.0,0.0,0.0,0.0,"",0.0,0.0,0.0,0.0,0.0,56.0,72.0,0.0,0.0,0.0,0.0,1.0,1.0,2.0,98.0,114.0,0.0,0.0,0.0,0.0,0.0,0.0,0.0,0.0,0.0,Hulk,1,0.0,DE
94972,"149.102.157.168 60366 185.187.242.52 53 UDP",149.102.157.168,53,0.0,0.0,0.0,0.0,0.0,0.0,UDP,0.0,0.0,0.0,0.0,0.0,0.0,0.0,0.0,0.0,0.0,"",0.0,0.0,0.0,0.0,0.0,42.0,93.0,0.0,0.0,0.0,0.0,1.0,1.0,2.0,84.0,135.0,0.0,0.0,0.0,0.0,0.0,0.0,0.0,0.0,0.0,Hulk,1,0.0,DE
94974,"149.102.157.168 52417 185.187.242.52 53 UDP",149.102.157.168,53,0.0,0.0,0.0,0.0,0.0,0.0,UDP,0.0,0.0,0.0,0.0,0.0,0.0,0.0,0.0,0.0,0.0,"",0.0,0.0,0.0,0.0,0.0,54.0,108.0,0.0,0.0,0.0,0.0,1.0,1.0,2.0,96.0,150.0,0.0,0.0,0.0,0.0,0.0,0.0,0.0,0.0,0.0,Hulk,1,0.0,DE
94976,"149.102.157.168 33591 185.187.242.52 53 UDP",149.102.157.168,53,0.0,0.0,0.0,0.0,0.0,0.0,UDP,0.0,0.0,0.0,0.0,0.0,0.0,0.0,0.0,0.0,0.0,"",0.0,0.0,0.0,0.0,0.0,59.0,134.0,0.0,0.0,0.0,0.0,1.0,1.0,2.0,101.0,176.0,0.0,0.0,0.0,0.0,0.0,0.0,0.0,0.0,0.0,Hulk,1,0.0,DE
94977,"149.102.157.168 34308 185.187.242.52 53 UDP",149.102.157.168,53,0.0,0.0,0.0,0.0,0.0,0.0,UDP,0.0,0.0,0.0,0.0,0.0,0.0,0.0,0.0,0.0,0.0,"",0.0,0.0,0.0,0.0,0.0,59.0,197.0,0.0,0.0,0.0,0.0,1.0,1.0,2.0,101.0,239.0,0.0,0.0,0.0,0.0,0.0,0.0,0.0,0.0,0.0,Hulk,1,0.0,DE
94978,"149.102.157.168 59679 185.187.242.52 53 UDP",149.102.157.168,53,0.0,0.0,0.0,0.0,0.0,0.0,UDP,0.0,0.0,0.0,0.0,0.0,0.0,0.0,0.0,0.0,0.0,"",0.0,0.0,0.0,0.0,0.0,74.0,156.0,0.0,0.0,0.0,0.0,1.0,1.0,2.0,116.0,198.0,0.0,0.0,0.0,0.0,0.0,0.0,0.0,0.0,0.0,Hulk,1,0.0,DE
95638,"167.172.240.54 37928 149.102.157.168 443 TCP",167.172.240.54,443,0x0014,0x0018,0.000234407,0.000174216,64128,64768,TCP,0.022248343714285714,0.001759829,0.001319854456573218,1.0457738176342667e-05,0.03500827242590755,0.003233842633206302,1.0,4.0,0.0,0.0,"",0.0,0.0,0.0,1111.6776161434861,15187.639933491551,429.0,3550.0,8.655999235822472,15.894965916788646,26291.571428571428,1887969.0,7.0,4.0,11.0,899.0,3822.0,0.808687686920166,0.2516520023345947,128.42857142857142,955.5,175.13851660899724,1372.3161686239314,30673.5,1883251.6666666667,0.0002052783966064453,Hulk,1,0,US
95639,"167.172.240.54 38904 149.102.157.168 443 TCP",167.172.240.54,443,0x0014,0x0018,8.053e-05,9.6109e-05,64128,64768,TCP,0.12753315566666668,0.0005032666,0.08566608025406659,9.907426353363e-07,0.28444130075164037,0.0009953605554452619,1.0,4.0,0.0,0.0,"",0.0,0.0,0.0,132.01017236576362,807.7207986883209,429.0,3070.0,1.1501370293241748,1.1822611222018748,20449.0,1633028.0,9.0,5.0,14.0,1033.0,3416.0,7.825154542922974,4.229184150695801,114.77777777777777,683.2,151.62023752972897,1275.9840124390273,22988.696428571428,1628135.2,5.3882598876953125e-05,Hulk,1,0,US
95640,"167.172.240.54 47460 149.102.157.168 443 TCP",167.172.240.54,443,0x0014,0x0018,0.001004233,0.000131024,64128,64896,TCP,0.026254655333333335,0.00178561,0.0013787940359218803,1.1113259667344667e-05,0.035551294391743184,0.003333655601189881,1.0,3.0,0.0,0.0,"",0.0,0.0,0.0,1161.683788908537,14978.747354995445,350.0,3550.0,9.244168081500295,15.676344693872784,20416.666666666668,1887969.0,6.0,4.0,10.0,754.0,3822.0,0.6490578651428223,0.2551615238189697,125.66666666666667,955.5,156.52475842498527,1372.3161686239314,24500.0,1883251.6666666667,3.7670135498046875e-05,Hulk,1,0,US
95641,"167.172.240.54 48420 149.102.157.168 443 TCP",167.172.240.54,443,0x0014,0x0018,5e-08,6.1234e-05,64128,64896,TCP,0.021912236571428573,0.00035069425,0.0012805700417842139,3.2406722306025004e-07,0.03448334022517745,0.0005692690252071072,1.0,4.0,0.0,0.0,"",0.0,0.0,0.0,1043.0388998847618,14229.143013883011,336.0,3055.0,9.058650495277089,17.10747582071898,16128.0,2026280.25,7.0,4.0,11.0,806.0,3327.0,0.7727420330047607,0.23381590843200684,115.14285714285714,831.75,137.17142559585798,1422.0488446838478,18816.0,2022222.9166666667,0.00011205673217773438,Hulk,1,0,US
95642,"167.172.240.54 49108 149.102.157.168 443 TCP",167.172.240.54,443,0x0014,0x0018,2.3e-07,0.00011789,64128,64768,TCP,0.021178639,0.000438758,0.0012023503125932217,5.7016348065e-07,0.033413592255368045,0.0007550917034705123,1.0,3.0,0.0,0.0,"",0.0,0.0,0.0,1177.8005009310382,14732.035717226658,417.0,3055.0,9.358233265059328,17.71209584277326,24841.285714285714,2026280.25,7.0,4.0,11.0,881.0,3327.0,0.7480044364929199,0.22583436965942383,125.85714285714286,831.75,170.74630303464846,1422.0488446838478,29154.3,2022222.9166666667,4.076957702636719e-05,Hulk,1,0,US
95644,"167.172.240.54 50894 149.102.157.168 443 TCP",167.172.240.54,443,0x0014,0x0018,0.000476409,0.000158285,64128,64768,TCP,0.021190760142857142,0.00059583375,0.0011958272013214285,9.9020544945025e-07,0.033322829601575135,0.00099509067398416,1.0,4.0,0.0,0.0,"",0.0,0.0,0.0,1202.3075695020868,15681.32167794692,431.0,3286.0,9.34090231577648,17.629366698085352,26537.285714285714,1946489.0,7.0,4.0,11.0,901.0,3558.0,0.7493922710418701,0.22689414024353027,128.71428571428572,889.5,175.95501318992495,1393.6009711056702,30960.166666666668,1942123.6666666667,3.933906555175781e-05,Hulk,1,0,US
95645,"167.172.240.54 51730 149.102.157.168 443 TCP",167.172.240.54,443,0x0014,0x0018,0.00016097,0.000174836,64128,64768,TCP,0.02119804485714286,0.0006012792499999999,0.0011992786493527235,1.0792920323929164e-06,0.03337088384632136,0.0010388898076277948,1.0,4.0,0.0,0.0,"",0.0,0.0,0.0,1199.8568401882271,15559.69409785827,431.0,3270.0,9.32186224341575,17.571647767203014,26537.285714285714,1951155.6666666667,7.0,4.0,11.0,901.0,3542.0,0.7509229183197021,0.22763943672180176,128.71428571428572,885.5,175.95501318992495,1395.2819308894768,30960.166666666668,1946811.6666666667,4.76837158203125e-05,Hulk,1,0,US
95805,"64.227.110.161 58460 149.102.157.168 443 TCP",64.227.110.161,443,0x0014,0x0018,0.002478819,0.000226592,64128,64768,TCP,0.046958749833333334,0.0012834270000000002,0.004685848470168366,5.2858319164086676e-06,0.0655390043993219,0.0022990937163170767,1.0,3.0,0.0,0.0,"",0.0,0.0,0.0,733.5492008517417,8889.282534992897,429.0,3550.0,5.283667713217827,9.303278424900991,30673.5,1887969.0,6.0,4.0,10.0,833.0,3822.0,1.1355748176574707,0.42995595932006836,138.83333333333334,955.5,191.85463246948194,1372.3161686239314,36808.2,1883251.6666666667,3.695487976074219e-05,Hulk,2,0,US
95806,"64.227.110.161 58462 149.102.157.168 443 TCP",64.227.110.161,443,0x0014,0x0018,0.000251329,0.000109112,64128,64768,TCP,0.046533764500000005,0.00044959549999999996,0.004711690220262107,5.185362933876667e-07,0.06571947480445654,0.0007200946419656701,1.0,3.0,0.0,0.0,"",0.0,0.0,0.0,742.4815279347405,7907.0002340957335,429.0,3070.0,5.348006203611576,9.46379441543475,30673.5,2020289.0,6.0,4.0,10.0,833.0,3342.0,1.1219134330749512,0.42266345024108887,138.83333333333334,835.5,191.85463246948194,1419.9336838974793,36808.2,2016211.6666666667,5.316734313964844e-05,Hulk,2,0,US
95807,"64.227.110.161 58472 149.102.157.168 443 TCP",64.227.110.161,443,0x0014,0x0018,4e-08,0.000112761,64128,64896,TCP,0.05324419783333333,0.001220971,0.0042464075780579294,4.860812059572667e-06,0.06239022583615511,0.0022047249396631467,1.0,3.0,0.0,0.0,"",0.0,0.0,0.0,583.2120437468246,6930.9713995169695,350.0,3550.0,4.640944645200196,7.2537638927440815,20416.666666666668,1887969.0,6.0,4.0,10.0,754.0,3822.0,1.2928402423858643,0.5514378547668457,125.66666666666667,955.5,156.52475842498527,1372.3161686239314,24500.0,1883251.6666666667,0.00016021728515625,Hulk,2,0,US
95808,"64.227.110.161 58486 149.102.157.168 443 TCP",64.227.110.161,443,0x0014,0x0018,0.001134124,0.000381622,64128,64896,TCP,0.03993147,0.000579282,0.004244464548186527,6.731135664379999e-07,0.0627796822947548,0.0008204349861128547,1.0,4.0,0.0,0.0,"",0.0,0.0,0.0,574.4156541865913,7862.427948188753,336.0,3055.0,4.988721562414565,9.452873998423508,16128.0,2026280.25,7.0,4.0,11.0,806.0,3327.0,1.4031651020050049,0.42315173149108887,115.14285714285714,831.75,137.17142559585798,1422.0488446838478,18816.0,2022222.9166666667,3.790855407714844e-05,Hulk,2,0,US
95809,"64.227.110.161 52676 149.102.157.168 443 TCP",64.227.110.161,443,0x0014,0x0018,4.1e-08,7.5442e-05,64128,64768,TCP,0.04002379914285714,0.000540227,0.004302905299910686,8.969968522413333e-07,0.06321040200272132,0.0009470991776162269,1.0,4.0,0.0,0.0,"",0.0,0.0,0.0,629.2093721787586,7825.632865477924,417.0,3055.0,4.9655756541728415,9.408635846682204,24841.285714285714,2026280.25,7.0,4.0,11.0,887.0,3327.0,1.409705638885498,0.4251413345336914,126.71428571428571,831.75,170.23953712343086,1422.0488446838478,28981.5,2022222.9166666667,8.463859558105469e-05,Hulk,2,0,US
95811,"64.227.110.161 52684 149.102.157.168 443 TCP",64.227.110.161,443,0x0014,0x0018,5e-08,8.066e-05,64128,64768,TCP,0.03974441971428571,0.0004696955,0.00424126167411987,5.949012704910001e-07,0.06275599104215258,0.0007712984315367172,1.0,4.0,0.0,0.0,"",0.0,0.0,0.0,644.2112047436549,8440.279209030665,431.0,3286.0,5.004970514101648,9.48879056664493,26537.285714285714,1946489.0,7.0,4.0,11.0,901.0,3558.0,1.3986096382141113,0.42155003547668457,128.71428571428572,889.5,175.95501318992495,1393.6009711056702,30960.166666666668,1942123.6666666667,4.100799560546875e-05,Hulk,2,0,US
95812,"64.227.110.161 52700 149.102.157.168 443 TCP",64.227.110.161,443,0x0014,0x0018,0.000358477,6.9169e-05,64128,64768,TCP,0.046566893,0.00044286275,0.004712977328117793,5.3161992021825e-07,0.0657284505936456,0.000729122705872098,1.0,3.0,0.0,0.0,"",0.0,0.0,0.0,744.0706541714558,8380.643785719161,431.0,3270.0,5.346615479076329,9.464306929101255,30960.166666666668,1951155.6666666667,6.0,4.0,10.0,835.0,3542.0,1.1222052574157715,0.4226405620574951,139.16666666666666,885.5,192.74905966048186,1395.2819308894768,37152.2,1946811.6666666667,5.364418029785156e-05,Hulk,2,0,US
96075,"45.95.147.215 56956 149.102.157.168 80 TCP",45.95.147.215,80,0x0010,0x0011,0.015784965,0.000376823,64128,64768,TCP,1.6711799984999998,0.0004214265,15.010438046487488,1.4002321275233332e-07,3.7093891962532326,0.00037419675673679126,1.0,3.0,0.0,0.0,"",0.0,0.0,0.0,41.22386484414045,65.40679548577909,426.0,386.0,0.29800384224679843,0.39760969900169657,30246.0,37249.0,6.0,4.0,10.0,830.0,658.0,20.133968591690063,10.0601167678833,138.33333333333334,164.5,190.5129916829821,191.70376452572165,36295.2,36750.333333333336,0.00011730194091796875,"SSH Brute Force",1,0,NL
96076,"176.123.10.50 6103 149.102.157.168 5060 UDP",176.123.10.50,5060,0.0,0.0,0.0,0.0,0.0,0.0,UDP,0.0,0.0,0.0,0.0,0.0,0.0,0.0,0.0,0.0,0.0,"",0.0,0.0,0.0,0.0,0.0,416.0,0.0,0.0,0.0,0.0,0.0,1.0,0.0,1.0,458.0,0.0,0.0,0.0,0.0,0.0,0.0,0.0,0.0,0.0,0.0,"SSH Brute Force",1,0,MD
97297,"167.248.133.161 9196 149.102.157.168 1604 UDP",167.248.133.161,1604,0.0,0.0,0.0,0.0,0.0,0.0,UDP,0.0,0.0,0.0,0.0,0.0,0.0,0.0,0.0,0.0,0.0,"",0.0,0.0,0.0,0.0,0.0,30.0,0.0,0.0,0.0,0.0,0.0,1.0,0.0,1.0,72.0,0.0,0.0,0.0,0.0,0.0,0.0,0.0,0.0,0.0,0.0,Hulk,1,0,US
97298,"43.134.176.251 35750 149.102.157.168 4000 UDP",43.134.176.251,4000,0.0,0.0,0.0,0.0,0.0,0.0,UDP,0.0,0.0,0.0,0.0,0.0,0.0,0.0,0.0,0.0,0.0,"",0.0,0.0,0.0,0.0,0.0,54.0,0.0,0.0,0.0,0.0,0.0,1.0,0.0,1.0,96.0,0.0,0.0,0.0,0.0,0.0,0.0,0.0,0.0,0.0,0.0,Hulk,1,0,SG
97301,"47.128.21.182 24784 149.102.157.168 443 TCP",47.128.21.182,443,0x0018,0x0018,0.077001668,0.000140983,36864,65024,TCP,0.10535683233333333,0.0006128,0.011913190206508453,9.532226031713335e-07,0.09963763598873525,0.0009763311954307992,1.0,1.0,0.0,0.0,"",0.0,0.0,0.0,727.4425326437113,3474.16741686053,198.0,3040.0,5.401800984978054,4.195854368189046,13068.0,2032384.0,3.0,4.0,7.0,404.0,3312.0,0.5553703308105469,0.9533219337463379,134.66666666666666,828.0,140.0071426749364,1424.2003604362228,19602.0,2028346.6666666667,0.00011563301086425781,Hulk,1,0,SG
97863,"79.124.40.70 45307 149.102.157.168 55851 TCP",79.124.40.70,55851,0x0004,0x0014,0.038642293,8.033e-05,1200,0,TCP,0.0,0.0,0.0,0.0,0.0,0.0,1.0,0.0,0.0,0.0,"",0.0,0.0,0.0,3098.972256086298,672084.3204747775,0.0,0.0,51.6495376014383,12446.005934718101,0.0,0.0,2.0,1.0,3.0,120.0,54.0,0.03872251510620117,8.034706115722656e-05,60.0,54.0,0.0,0.0,0.0,0.0,0.0,"AbuseIPDB - Brute-Force",1,0,BG
97881,"81.17.21.98 44590 149.102.157.168 2014 TCP",81.17.21.98,2014,0x0002,0x0014,0.0,0.000104625,65535,0,TCP,0.0,0.0,0.0,0.0,0.0,0.0,1.0,0.0,0.0,0.0,"",0.0,0.0,0.0,0.0,515928.0546697039,0.0,0.0,0.0,9554.223234624145,0.0,0.0,1.0,1.0,2.0,60.0,54.0,0.0,0.00010466575622558594,0.0,54.0,0.0,0.0,0.0,0.0,0.0,"AbuseIPDB - Brute-Force",1,0,CH
97882,"79.124.62.82 54891 149.102.157.168 10818 TCP",79.124.62.82,10818,0x0004,0x0014,0.040667881,5.7878e-05,1200,0,TCP,0.0,0.0,0.0,0.0,0.0,0.0,1.0,0.0,0.0,0.0,"",0.0,0.0,0.0,2946.541775946047,932067.5555555555,0.0,0.0,49.109029599100786,17260.510288065845,0.0,0.0,2.0,1.0,3.0,120.0,54.0,0.0407257080078125,5.793571472167969e-05,60.0,54.0,0.0,0.0,0.0,0.0,0.0,"AbuseIPDB - Brute-Force",1,0,SC
97883,"107.170.226.29 50370 149.102.157.168 9043 TCP",107.170.226.29,9043,0x0002,0x0014,0.0,0.000241961,65535,0,TCP,0.0,0.0,0.0,0.0,0.0,0.0,1.0,0.0,0.0,0.0,"",0.0,0.0,0.0,0.0,223145.23743842365,0.0,0.0,0.0,4132.31921182266,0.0,0.0,1.0,1.0,2.0,60.0,54.0,0.0,0.00024199485778808594,0.0,54.0,0.0,0.0,0.0,0.0,0.0,"AbuseIPDB - Brute-Force",1,0,US
97897,"78.128.113.250 50068 149.102.157.168 8976 TCP",78.128.113.250,8976,0x0004,0x0014,0.0434926,8.4948e-05,1200,0,TCP,0.0,0.0,0.0,0.0,0.0,0.0,1.0,0.0,0.0,0.0,"",0.0,0.0,0.0,2753.703837442143,636214.6516853933,0.0,0.0,45.89506395736905,11781.752808988764,0.0,0.0,2.0,1.0,3.0,120.0,54.0,0.04357767105102539,8.487701416015625e-05,60.0,54.0,0.0,0.0,0.0,0.0,0.0,"AbuseIPDB - Brute-Force",1,0,BG
97899,"218.92.0.99 9090 149.102.157.168 22 TCP",218.92.0.99,22,0x0002,0x0014,0.0,6.454e-05,65535,0,TCP,0.0,0.0,0.0,0.0,0.0,0.0,1.0,0.0,0.0,0.0,"",0.0,0.0,0.0,0.0,835765.3726937269,0.0,0.0,0.0,15477.136531365313,0.0,0.0,1.0,1.0,2.0,60.0,54.0,0.0,6.461143493652344e-05,0.0,54.0,0.0,0.0,0.0,0.0,0.0,"AbuseIPDB - Brute-Force",1,0,CN
97901,"91.148.190.134 45328 149.102.157.168 57911 TCP",91.148.190.134,57911,0x0004,0x0014,0.059623581,0.000196176,1200,0,TCP,0.0,0.0,0.0,0.0,0.0,0.0,1.0,0.0,0.0,0.0,"",0.0,0.0,0.0,2006.0281703613364,275203.42162818956,0.0,0.0,33.43380283935561,5096.3596597812875,0.0,0.0,2.0,1.0,3.0,120.0,54.0,0.059819698333740234,0.00019621849060058594,60.0,54.0,0.0,0.0,0.0,0.0,0.0,"AbuseIPDB - Brute-Force",1,0,BG
97902,"198.199.95.81 53199 149.102.157.168 465 TCP",198.199.95.81,465,0x0002,0x0014,0.0,0.000179355,65535,0,TCP,0.0,0.0,0.0,0.0,0.0,0.0,1.0,0.0,0.0,0.0,"",0.0,0.0,0.0,0.0,301186.72340425535,0.0,0.0,0.0,5577.531914893617,0.0,0.0,1.0,1.0,2.0,60.0,54.0,0.0,0.000179290771484375,0.0,54.0,0.0,0.0,0.0,0.0,0.0,"AbuseIPDB - Brute-Force",1,0,US
97916,"107.170.252.38 50449 149.102.157.168 8181 TCP",107.170.252.38,8181,0x0002,0x0014,0.0,8.4988e-05,65535,0,TCP,0.0,0.0,0.0,0.0,0.0,0.0,1.0,0.0,0.0,0.0,"",0.0,0.0,0.0,0.0,634432.537815126,0.0,0.0,0.0,11748.750700280112,0.0,0.0,1.0,1.0,2.0,60.0,54.0,0.0,8.511543273925781e-05,0.0,54.0,0.0,0.0,0.0,0.0,0.0,"AbuseIPDB - Brute-Force",1,0,US
97917,"78.128.114.70 45322 149.102.157.168 23317 TCP",78.128.114.70,23317,0x0002,0x0014,0.0,8.1853e-05,1025,0,TCP,0.0,0.0,0.0,0.0,0.0,0.0,1.0,0.0,0.0,0.0,"",0.0,0.0,0.0,0.0,660327.7434402333,0.0,0.0,0.0,12228.291545189504,0.0,0.0,1.0,1.0,2.0,60.0,54.0,0.0,8.177757263183594e-05,0.0,54.0,0.0,0.0,0.0,0.0,0.0,"AbuseIPDB - Brute-Force",1,0,BG
97918,"183.136.225.44 6062 149.102.157.168 8090 TCP",183.136.225.44,8090,0x0002,0x0014,0.0,6.2326e-05,29200,0,TCP,0.0,0.0,0.0,0.0,0.0,0.0,1.0,0.0,0.0,0.0,"",0.0,0.0,0.0,0.0,864474.8702290077,0.0,0.0,0.0,16008.79389312977,0.0,0.0,1.0,1.0,2.0,60.0,54.0,0.0,6.246566772460938e-05,0.0,54.0,0.0,0.0,0.0,0.0,0.0,"AbuseIPDB - Brute-Force",1,0,CN
97919,"79.124.60.6 45343 149.102.157.168 40556 TCP",79.124.60.6,40556,0x0004,0x0014,0.041465258,8.3556e-05,1200,0,TCP,0.0,0.0,0.0,0.0,0.0,0.0,1.0,0.0,0.0,0.0,"",0.0,0.0,0.0,2888.1749948355405,647121.1885714285,0.0,0.0,48.13624991392568,11983.725714285714,0.0,0.0,2.0,1.0,3.0,120.0,54.0,0.041548728942871094,8.344650268554688e-05,60.0,54.0,0.0,0.0,0.0,0.0,0.0,"AbuseIPDB - Brute-Force",1,0,BG
97938,"162.216.150.154 51162 149.102.157.168 6032 TCP",162.216.150.154,6032,0x0002,0x0014,0.0,0.00010178,1024,0,TCP,0.0,0.0,0.0,0.0,0.0,0.0,1.0,0.0,0.0,0.0,"",0.0,0.0,0.0,0.0,530427.2037470726,0.0,0.0,0.0,9822.72599531616,0.0,0.0,1.0,1.0,2.0,60.0,54.0,0.0,0.00010180473327636719,0.0,54.0,0.0,0.0,0.0,0.0,0.0,"AbuseIPDB - Brute-Force",1,0.0,US
97939,"162.243.143.52 37021 149.102.157.168 81 TCP",162.243.143.52,81,0x0002,0x0014,0.0,0.000188582,65535,0,TCP,0.0,0.0,0.0,0.0,0.0,0.0,1.0,0.0,0.0,0.0,"",0.0,0.0,0.0,0.0,286336.809102402,0.0,0.0,0.0,5302.533501896334,0.0,0.0,1.0,1.0,2.0,60.0,54.0,0.0,0.00018858909606933594,0.0,54.0,0.0,0.0,0.0,0.0,0.0,"AbuseIPDB - Brute-Force",1,0.0,US
97955,"185.224.128.17 47120 149.102.157.168 808 TCP",185.224.128.17,808,0x0002,0x0014,0.0,6.6754e-05,65535,0,TCP,0.0,0.0,0.0,0.0,0.0,0.0,1.0,0.0,0.0,0.0,"",0.0,0.0,0.0,0.0,808901.4857142858,0.0,0.0,0.0,14979.657142857142,0.0,0.0,1.0,1.0,2.0,60.0,54.0,0.0,6.67572021484375e-05,0.0,54.0,0.0,0.0,0.0,0.0,0.0,"AbuseIPDB - Brute-Force",1,0,NL
97956,"35.203.210.6 52863 149.102.157.168 8998 TCP",35.203.210.6,8998,0x0002,0x0014,0.0,5.921e-05,65535,0,TCP,0.0,0.0,0.0,0.0,0.0,0.0,1.0,0.0,0.0,0.0,"",0.0,0.0,0.0,0.0,913275.8709677419,0.0,0.0,0.0,16912.516129032258,0.0,0.0,1.0,1.0,2.0,60.0,54.0,0.0,5.91278076171875e-05,0.0,54.0,0.0,0.0,0.0,0.0,0.0,"AbuseIPDB - Brute-Force",1,0,GB
97971,"35.203.210.244 51231 149.102.157.168 10444 TCP",35.203.210.244,10444,0x0002,0x0014,0.0,0.000135693,65535,0,TCP,0.0,0.0,0.0,0.0,0.0,0.0,1.0,0.0,0.0,0.0,"",0.0,0.0,0.0,0.0,398053.45518453425,0.0,0.0,0.0,7371.360281195079,0.0,0.0,1.0,1.0,2.0,60.0,54.0,0.0,0.00013566017150878906,0.0,54.0,0.0,0.0,0.0,0.0,0.0,"AbuseIPDB - Brute-Force",1,0,GB
97972,"35.203.210.211 52381 149.102.157.168 49657 TCP",35.203.210.211,49657,0x0002,0x0014,0.0,8.7063e-05,65535,0,TCP,0.0,0.0,0.0,0.0,0.0,0.0,1.0,0.0,0.0,0.0,"",0.0,0.0,0.0,0.0,620527.1671232877,0.0,0.0,0.0,11491.243835616438,0.0,0.0,1.0,1.0,2.0,60.0,54.0,0.0,8.702278137207031e-05,0.0,54.0,0.0,0.0,0.0,0.0,0.0,"AbuseIPDB - Brute-Force",1,0,GB
97974,"170.187.165.134 53041 149.102.157.168 85 TCP",170.187.165.134,85,0x0002,0x0014,0.0,7.3306e-05,65535,0,TCP,0.0,0.0,0.0,0.0,0.0,0.0,1.0,0.0,0.0,0.0,"",0.0,0.0,0.0,0.0,735364.987012987,0.0,0.0,0.0,13617.87012987013,0.0,0.0,1.0,1.0,2.0,60.0,54.0,0.0,7.343292236328125e-05,0.0,54.0,0.0,0.0,0.0,0.0,0.0,"AbuseIPDB - Brute-Force",1,0,US
97987,"185.242.226.54 54876 149.102.157.168 8441 TCP",185.242.226.54,8441,0x0002,0x0014,0.0,0.000118792,65535,0,TCP,0.0,0.0,0.0,0.0,0.0,0.0,1.0,0.0,0.0,0.0,"",0.0,0.0,0.0,0.0,454804.0481927711,0.0,0.0,0.0,8422.29718875502,0.0,0.0,1.0,1.0,2.0,60.0,54.0,0.0,0.00011873245239257812,0.0,54.0,0.0,0.0,0.0,0.0,0.0,"AbuseIPDB - Brute-Force",1,0,NL
97995,"79.124.60.142 45751 149.102.157.168 10844 TCP",79.124.60.142,10844,0x0004,0x0014,0.041125074,6.4059e-05,1200,0,TCP,0.0,0.0,0.0,0.0,0.0,0.0,1.0,0.0,0.0,0.0,"",0.0,0.0,0.0,2913.3855059041443,841979.2416356878,0.0,0.0,48.55642509840241,15592.208178438661,0.0,0.0,2.0,1.0,3.0,120.0,54.0,0.04118919372558594,6.413459777832031e-05,60.0,54.0,0.0,0.0,0.0,0.0,0.0,"AbuseIPDB - Brute-Force",1,0.0,BG
97996,"79.124.40.70 45752 149.102.157.168 29667 TCP",79.124.40.70,29667,0x0004,0x0014,0.037554175,7.7364e-05,1200,0,TCP,0.0,0.0,0.0,0.0,0.0,0.0,1.0,0.0,0.0,0.0,"",0.0,0.0,0.0,3188.816888201827,699050.6666666666,0.0,0.0,53.14694813669712,12945.382716049382,0.0,0.0,2.0,1.0,3.0,120.0,54.0,0.03763151168823242,7.724761962890625e-05,60.0,54.0,0.0,0.0,0.0,0.0,0.0,"AbuseIPDB - Brute-Force",1,0.0,BG
97997,"79.124.58.158 45750 149.102.157.168 20678 TCP",79.124.58.158,20678,0x0004,0x0014,0.039207359,8.052e-05,1200,0,TCP,0.0,0.0,0.0,0.0,0.0,0.0,1.0,0.0,0.0,0.0,"",0.0,0.0,0.0,3054.382862517826,670095.9053254438,0.0,0.0,50.90638104196377,12409.183431952662,0.0,0.0,2.0,1.0,3.0,120.0,54.0,0.03928780555725098,8.058547973632812e-05,60.0,54.0,0.0,0.0,0.0,0.0,0.0,0,1,0.0,Nowhere
97998,"79.124.49.86 45753 149.102.157.168 21322 TCP",79.124.49.86,21322,0x0004,0x0014,0.039511194,6.2176e-05,1200,0,TCP,0.0,0.0,0.0,0.0,0.0,0.0,1.0,0.0,0.0,0.0,"",0.0,0.0,0.0,3032.33752854208,867787.0344827586,0.0,0.0,50.53895880903466,16070.130268199233,0.0,0.0,2.0,1.0,3.0,120.0,54.0,0.03957343101501465,6.222724914550781e-05,60.0,54.0,0.0,0.0,0.0,0.0,0.0,0,1,0.0,Nowhere
97999,"141.136.74.151 49271 149.102.157.168 445 TCP",141.136.74.151,445,0x0002,0x0014,0.570143703,5.8339e-05,8192,0,TCP,0.0,6.22415e-05,0.0,3.045901249999998e-11,0.0,5.518968427161001e-06,1.0,0.0,0.0,0.0,"",0.0,0.0,0.0,231.4936683455746,189.36250087264338,0.0,0.0,3.507479823417797,3.5067129791230256,0.0,0.0,2.0,2.0,4.0,132.0,108.0,0.5702099800109863,0.5703346729278564,66.0,54.0,0.0,0.0,0.0,0.0,0.0,0,1,0.0,Nowhere
98000,"76.93.233.94 58940 149.102.157.168 23 TCP",76.93.233.94,23,0x0002,0x0014,0.0,0.000254985,33620,0,TCP,0.0,0.0,0.0,0.0,0.0,0.0,1.0,0.0,0.0,0.0,"",0.0,0.0,0.0,0.0,211675.15514018692,0.0,0.0,0.0,3919.910280373832,0.0,0.0,1.0,1.0,2.0,60.0,54.0,0.0,0.0002551078796386719,0.0,54.0,0.0,0.0,0.0,0.0,0.0,0,1,0.0,Nowhere
98001,"78.128.114.70 45736 149.102.157.168 44755 TCP",78.128.114.70,44755,0x0002,0x0014,0.0,7.8156e-05,1025,0,TCP,0.0,0.0,0.0,0.0,0.0,0.0,1.0,0.0,0.0,0.0,"",0.0,0.0,0.0,0.0,690525.6585365854,0.0,0.0,0.0,12787.512195121952,0.0,0.0,1.0,1.0,2.0,60.0,54.0,0.0,7.82012939453125e-05,0.0,54.0,0.0,0.0,0.0,0.0,0.0,0,1,0.0,Nowhere
98002,"94.156.71.204 55909 149.102.157.168 22 TCP",94.156.71.204,22,0x0002,0x0014,0.0,8.2764e-05,65535,0,TCP,0.0,0.0,0.0,0.0,0.0,0.0,1.0,0.0,0.0,0.0,"",0.0,0.0,0.0,0.0,652715.8962536023,0.0,0.0,0.0,12087.331412103746,0.0,0.0,1.0,1.0,2.0,60.0,54.0,0.0,8.273124694824219e-05,0.0,54.0,0.0,0.0,0.0,0.0,0.0,0,1,0.0,Nowhere
98003,"79.124.62.130 58012 149.102.157.168 54321 TCP",79.124.62.130,54321,0x0004,0x0014,0.0395202,7.6083e-05,1200,0,TCP,0.0,0.0,0.0,0.0,0.0,0.0,1.0,0.0,0.0,0.0,"",0.0,0.0,0.0,3030.584721728816,710007.5736677116,0.0,0.0,50.50974536214693,13148.288401253918,0.0,0.0,2.0,1.0,3.0,120.0,54.0,0.0395963191986084,7.605552673339844e-05,60.0,54.0,0.0,0.0,0.0,0.0,0.0,0,1,0.0,Nowhere
98018,"193.163.125.206 44300 149.102.157.168 1217 TCP",193.163.125.206,1217,0x0002,0x0014,0.0,0.000100647,14600,0,TCP,0.0,0.0,0.0,0.0,0.0,0.0,1.0,0.0,0.0,0.0,"",0.0,0.0,0.0,0.0,536711.8862559241,0.0,0.0,0.0,9939.109004739337,0.0,0.0,1.0,1.0,2.0,60.0,54.0,0.0,0.00010061264038085938,0.0,54.0,0.0,0.0,0.0,0.0,0.0,"AbuseIPDB - Brute-Force",1,0.0,GB
98019,"43.153.66.189 46232 149.102.157.168 9171 TCP",43.153.66.189,9171,0x0002,0x0014,0.0,8.2894e-05,61690,0,TCP,0.0,0.0,0.0,0.0,0.0,0.0,1.0,0.0,0.0,0.0,"",0.0,0.0,0.0,0.0,652715.8962536023,0.0,0.0,0.0,12087.331412103746,0.0,0.0,1.0,1.0,2.0,66.0,54.0,0.0,8.273124694824219e-05,0.0,54.0,0.0,0.0,0.0,0.0,0.0,"AbuseIPDB - Brute-Force",1,0.0,US
98021,"91.191.209.26 43810 149.102.157.168 14390 TCP",91.191.209.26,14390,0x0004,0x0014,0.064892689,9.2232e-05,1200,0,TCP,0.0,0.0,0.0,0.0,0.0,0.0,1.0,0.0,0.0,0.0,"",0.0,0.0,0.0,1846.5857076818093,586767.9170984456,0.0,0.0,30.776428461363487,10866.072538860104,0.0,0.0,2.0,1.0,3.0,120.0,54.0,0.06498479843139648,9.202957153320312e-05,60.0,54.0,0.0,0.0,0.0,0.0,0.0,"AbuseIPDB - Brute-Force",1,0.0,BG
98032,"185.242.226.54 51675 149.102.157.168 8450 TCP",185.242.226.54,8450,0x0002,0x0014,0.0,0.000103723,65535,0,TCP,0.0,0.0,0.0,0.0,0.0,0.0,1.0,0.0,0.0,0.0,"",0.0,0.0,0.0,0.0,520672.22068965517,0.0,0.0,0.0,9642.07816091954,0.0,0.0,1.0,1.0,2.0,60.0,54.0,0.0,0.00010371208190917969,0.0,54.0,0.0,0.0,0.0,0.0,0.0,"AbuseIPDB - Brute-Force",1,0,NL
98033,"91.148.190.130 45767 149.102.157.168 32452 TCP",91.148.190.130,32452,0x0004,0x0014,0.041956736,8.3416e-05,1200,0,TCP,0.0,0.0,0.0,0.0,0.0,0.0,1.0,0.0,0.0,0.0,"",0.0,0.0,0.0,2854.416913837202,647121.1885714285,0.0,0.0,47.573615230620035,11983.725714285714,0.0,0.0,2.0,1.0,3.0,120.0,54.0,0.042040109634399414,8.344650268554688e-05,60.0,54.0,0.0,0.0,0.0,0.0,0.0,"AbuseIPDB - Brute-Force",1,0,BG
98034,"185.198.69.172 63031 149.102.157.168 9074 TCP",185.198.69.172,9074,0x0002,0x0014,0.0,6.5693e-05,1024,0,TCP,0.0,0.0,0.0,0.0,0.0,0.0,1.0,0.0,0.0,0.0,"",0.0,0.0,0.0,0.0,823608.7854545454,0.0,0.0,0.0,15252.014545454545,0.0,0.0,1.0,1.0,2.0,60.0,54.0,0.0,6.556510925292969e-05,0.0,54.0,0.0,0.0,0.0,0.0,0.0,"AbuseIPDB - Brute-Force",1,0,RU
98036,"79.124.60.6 45751 149.102.157.168 56888 TCP",79.124.60.6,56888,0x0004,0x0014,0.039559966,8.3766e-05,1200,0,TCP,0.0,0.0,0.0,0.0,0.0,0.0,1.0,0.0,0.0,0.0,"",0.0,0.0,0.0,3026.957745462418,645277.5384615385,0.0,0.0,50.44929575770697,11949.584045584046,0.0,0.0,2.0,1.0,3.0,120.0,54.0,0.03964376449584961,8.368492126464844e-05,60.0,54.0,0.0,0.0,0.0,0.0,0.0,"AbuseIPDB - Brute-Force",1,0,BG
98054,"185.224.128.43 55619 149.102.157.168 80 TCP",185.224.128.43,80,0x0004,0x0012,0.010566285,0.000108242,0,64240,TCP,0.0,0.0,0.0,0.0,0.0,0.0,1.0,0.0,0.0,0.0,"",0.0,0.0,0.0,11241.768962744572,535836.1938325991,0.0,0.0,187.36281604574287,9238.555066079296,0.0,0.0,2.0,1.0,3.0,120.0,58.0,0.010674476623535156,0.00010824203491210938,60.0,58.0,0.0,0.0,0.0,0.0,0.00010824203491210938,Portscan,1,0,NL
98057,"149.102.157.168 56828 74.125.133.109 587 TCP",149.102.157.168,587,0x0011,0x0010,0.00035395,0.011849517,64128,67840,TCP,0.003426334529411765,0.022523532208333336,0.0001447399470028285,0.003326420406257603,0.011852547816315251,0.057675128142533005,1.0,4.0,0.0,0.0,"",0.0,0.0,0.0,813.6383420105703,1274.1659351121255,1331.0,5928.0,5.620419266224988,4.066487026953592,20083.720588235294,234976.78260869565,17.0,24.0,41.0,2461.0,7520.0,3.0246853828430176,5.901900053024292,144.76470588235293,313.3333333333333,144.87383879316053,484.56952358604417,20988.429166666665,234807.6231884058,0.012018918991088867,0,1,0.0,Nowhere
98058,"149.102.157.168 48125 185.187.242.52 53 UDP",149.102.157.168,53,0.0,0.0,0.0,0.0,0.0,0.0,UDP,0.0,0.0,0.0,0.0,0.0,0.0,0.0,0.0,0.0,0.0,"",0.0,0.0,0.0,0.0,0.0,42.0,90.0,0.0,0.0,0.0,0.0,1.0,1.0,2.0,84.0,132.0,0.0,0.0,0.0,0.0,0.0,0.0,0.0,0.0,0.0,0,1,0.0,Nowhere
98059,"149.102.157.168 58628 104.26.5.15 80 TCP",149.102.157.168,80,0x0010,0x0011,2.6189e-05,0.004297514,64128,65536,TCP,0.06520161228571429,0.0104130816,0.026669275966196553,0.00026172521411797734,0.15736685700266367,0.016177923665229025,1.0,4.0,0.0,0.0,"",0.0,0.0,0.0,563.0826545406644,2036.574164527948,169.0,954.0,6.168354588082396,7.881478964891439,4080.1428571428573,179650.7,7.0,5.0,12.0,639.0,1292.0,1.134824514389038,0.6343986988067627,91.28571428571429,258.4,68.99396108839285,422.9660742896527,4760.166666666667,178900.3,0.004698038101196289,0,1,0.0,Nowhere
98060,"149.102.157.168 53540 184.104.179.137 443 TCP",149.102.157.168,443,0x0010,0x0011,6.0642e-05,0.009419818,64128,43008,TCP,0.004048632833333334,0.036604157909090905,0.00015066040637260416,0.00901602169766826,0.012015943135701512,0.0949527340189226,1.0,7.0,0.0,0.0,"",0.0,0.0,0.0,1165.7406976099,4639.673678645816,853.0,6167.0,8.462727387367696,7.395509413868131,25326.446969696968,341887.05454545456,12.0,11.0,23.0,1653.0,6901.0,1.417982578277588,1.487389087677002,137.75,627.3636363636364,165.25093865776597,583.948503333517,27307.872727272726,340995.85454545455,0.009681224822998047,0,1,0.0,Nowhere
98061,"149.102.157.168 44856 104.26.4.15 80 TCP",149.102.157.168,80,0x0010,0x0011,6.3638e-05,0.006175237,64128,65536,TCP,0.029039194,0.0151249426,0.0054244990953346735,0.0006398281529262183,0.07097207108602187,0.02529482462730703,1.0,4.0,0.0,0.0,"",0.0,0.0,0.0,911.6386203879862,2968.353297931282,170.0,947.0,9.971047410493599,11.55001283241744,4128.571428571428,177006.8,7.0,5.0,12.0,640.0,1285.0,0.7020325660705566,0.43289995193481445,91.42857142857143,257.0,69.40220937885671,419.8356821424306,4816.666666666667,176262.0,0.005347251892089844,0,1,0.0,Nowhere
98062,"149.102.157.168 53554 184.104.179.137 443 TCP",149.102.157.168,443,0x0010,0x0011,1.2573e-05,0.009046772,64128,43008,TCP,0.007844947181818182,0.011538938299999999,0.0004289192573618161,0.000233479408066454,0.020234201923518845,0.015280032986432131,1.0,6.0,0.0,0.0,"",0.0,0.0,0.0,1501.1172778234625,6110.695398003463,855.0,6176.0,10.391623697959778,8.928543831097988,27379.618181818183,807759.3777777777,11.0,10.0,21.0,1589.0,6844.0,1.0585448741912842,1.1200034618377686,144.45454545454547,684.4,172.2886789341914,898.1468823206047,29683.38888888889,806667.8222222222,0.009096384048461914,0,1,0.0,Nowhere
98063,"91.148.190.134 45782 149.102.157.168 47725 TCP",91.148.190.134,47725,0x0004,0x0014,0.042365258,0.000263251,1200,0,TCP,0.0,0.0,0.0,0.0,0.0,0.0,1.0,0.0,0.0,0.0,"",0.0,0.0,0.0,2815.016359334888,204970.51221719457,0.0,0.0,46.91693932224813,3795.750226244344,0.0,0.0,2.0,1.0,3.0,120.0,54.0,0.04262852668762207,0.00026345252990722656,60.0,54.0,0.0,0.0,0.0,0.0,0.0,0,1,0.0,Nowhere
98064,"79.124.60.246 45752 149.102.157.168 58281 TCP",79.124.60.246,58281,0x0004,0x0014,0.039881957,8.8996e-05,1200,0,TCP,0.0,0.0,0.0,0.0,0.0,0.0,1.0,0.0,0.0,0.0,"",0.0,0.0,0.0,3002.185982702058,607218.2734584451,0.0,0.0,50.0364330450343,11244.782841823057,0.0,0.0,2.0,1.0,3.0,120.0,54.0,0.03997087478637695,8.893013000488281e-05,60.0,54.0,0.0,0.0,0.0,0.0,0.0,0,1,0.0,Nowhere
98065,"183.136.225.44 28321 149.102.157.168 554 TCP",183.136.225.44,554,0x0002,0x0014,0.0,0.000146853,29200,0,TCP,0.0,0.0,0.0,0.0,0.0,0.0,1.0,0.0,0.0,0.0,"",0.0,0.0,0.0,0.0,367682.4935064935,0.0,0.0,0.0,6808.935064935065,0.0,0.0,1.0,1.0,2.0,60.0,54.0,0.0,0.0001468658447265625,0.0,54.0,0.0,0.0,0.0,0.0,0.0,0,1,0.0,Nowhere
98066,"91.191.209.38 45441 149.102.157.168 22189 TCP",91.191.209.38,22189,0x0004,0x0014,0.088379359,4.213e-05,1200,0,TCP,0.0,0.0,0.0,0.0,0.0,0.0,1.0,0.0,0.0,0.0,"",0.0,0.0,0.0,1357.1347140619143,1279618.1694915255,0.0,0.0,22.618911901031908,23696.632768361582,0.0,0.0,2.0,1.0,3.0,120.0,54.0,0.08842158317565918,4.220008850097656e-05,60.0,54.0,0.0,0.0,0.0,0.0,0.0,0,1,0.0,Nowhere
98067,"193.163.125.183 41061 149.102.157.168 80 TCP",193.163.125.183,80,0x0004,0x0012,0.016526971,9.4406e-05,14600,64240,TCP,0.0,0.0,0.0,0.0,0.0,0.0,1.0,0.0,0.0,0.0,"",0.0,0.0,0.0,7219.629634942265,614317.2525252525,0.0,0.0,120.32716058237108,10591.676767676769,0.0,0.0,2.0,1.0,3.0,120.0,58.0,0.01662135124206543,9.441375732421875e-05,60.0,58.0,0.0,0.0,0.0,0.0,9.441375732421875e-05,"AbuseIPDB - Port Scan",1,0,GB
98068,"78.128.113.250 50068 149.102.157.168 9830 TCP",78.128.113.250,9830,0x0004,0x0014,0.056620872,9.3925e-05,1200,0,TCP,0.0,0.0,0.0,0.0,0.0,0.0,1.0,0.0,0.0,0.0,"",0.0,0.0,0.0,2115.850831725373,574853.847715736,0.0,0.0,35.264180528756214,10645.441624365481,0.0,0.0,2.0,1.0,3.0,120.0,54.0,0.056714773178100586,9.393692016601562e-05,60.0,54.0,0.0,0.0,0.0,0.0,0.0,"AbuseIPDB - Port Scan",1,0,BG
98084,"80.66.88.212 17368 149.102.157.168 53579 TCP",80.66.88.212,53579,0x0014,0x0018,0.015462536,0.009504175,0,64256,TCP,0.007695947250000001,0.0032699883333333333,6.768839019977564e-05,2.9148821160358335e-05,0.007695930185806242,0.0053989648230339795,0.0,1.0,0.0,0.0,"",0.0,0.0,0.0,3970.0255162576154,4717.864764369223,44.0,19.0,55.91585234165656,73.33468545651641,484.0,120.33333333333333,4.0,3.0,7.0,284.0,193.0,0.07153606414794922,0.0409083366394043,71.0,64.33333333333333,21.93931022920578,9.60902353693305,481.3333333333333,92.33333333333333,0.0,"AbuseIPDB - Port Scan",1,0,NL
98088,"91.148.190.130 46180 149.102.157.168 31569 TCP",91.148.190.130,31569,0x0004,0x0014,0.038840939,8.084e-05,1200,0,TCP,0.0,0.0,0.0,0.0,0.0,0.0,1.0,0.0,0.0,0.0,"",0.0,0.0,0.0,3083.1024808575803,668119.221238938,0.0,0.0,51.38504134762634,12372.578171091445,0.0,0.0,2.0,1.0,3.0,120.0,54.0,0.03892183303833008,8.082389831542969e-05,60.0,54.0,0.0,0.0,0.0,0.0,0.0,0,1,0.0,Nowhere
98089,"79.124.60.6 46180 149.102.157.168 46032 TCP",79.124.60.6,46032,0x0004,0x0014,0.043197959,8.6932e-05,1200,0,TCP,0.0,0.0,0.0,0.0,0.0,0.0,1.0,0.0,0.0,0.0,"",0.0,0.0,0.0,2772.3298264940786,620527.1671232877,0.0,0.0,46.205497108234646,11491.243835616438,0.0,0.0,2.0,1.0,3.0,120.0,54.0,0.04328489303588867,8.702278137207031e-05,60.0,54.0,0.0,0.0,0.0,0.0,0.0,0,1,0.0,Nowhere
98090,"94.20.48.57 61384 149.102.157.168 445 TCP",94.20.48.57,445,0x0002,0x0014,0.587724754,5.6755e-05,8192,0,TCP,0.0,6.21155e-05,0.0,5.746992050000001e-11,0.0,7.580891801100977e-06,1.0,0.0,0.0,0.0,"",0.0,0.0,0.0,224.56908387347994,183.6995207836811,0.0,0.0,3.4025618768709083,3.401842977475576,0.0,0.0,2.0,2.0,4.0,132.0,108.0,0.5877923965454102,0.5879166126251221,66.0,54.0,0.0,0.0,0.0,0.0,0.0,0,1,0.0,Nowhere
98091,"79.124.60.142 46180 149.102.157.168 44824 TCP",79.124.60.142,44824,0x0004,0x0014,0.042831517,0.000101509,1200,0,TCP,0.0,0.0,0.0,0.0,0.0,0.0,1.0,0.0,0.0,0.0,"",0.0,0.0,0.0,2795.0535890800447,531672.338028169,0.0,0.0,46.58422648466741,9845.784037558686,0.0,0.0,2.0,1.0,3.0,120.0,54.0,0.042932987213134766,0.00010156631469726562,60.0,54.0,0.0,0.0,0.0,0.0,0.0,0,1,0.0,Nowhere
98092,"79.124.56.146 49848 149.102.157.168 205 TCP",79.124.56.146,205,0x0004,0x0014,0.038693765,8.1623e-05,1200,0,TCP,0.0,0.0,0.0,0.0,0.0,0.0,1.0,0.0,0.0,0.0,"",0.0,0.0,0.0,3094.742123515089,660327.7434402333,0.0,0.0,51.57903539191815,12228.291545189504,0.0,0.0,2.0,1.0,3.0,120.0,54.0,0.03877544403076172,8.177757263183594e-05,60.0,54.0,0.0,0.0,0.0,0.0,0.0,0,1,0.0,Nowhere
98093,"151.80.91.217 3428 149.102.157.168 3128 TCP",151.80.91.217,3128,0x0002,0x0014,0.0,8.1151e-05,5840,0,TCP,0.0,0.0,0.0,0.0,0.0,0.0,1.0,0.0,0.0,0.0,"",0.0,0.0,0.0,0.0,664200.633431085,0.0,0.0,0.0,12300.011730205279,0.0,0.0,1.0,1.0,2.0,74.0,54.0,0.0,8.130073547363281e-05,0.0,54.0,0.0,0.0,0.0,0.0,0.0,0,1,0.0,Nowhere
98097,"45.227.253.130 50096 149.102.157.168 2080 TCP",45.227.253.130,2080,0x0004,0x0014,0.026037478,8.5519e-05,1200,0,TCP,0.0,0.0,0.0,0.0,0.0,0.0,1.0,0.0,0.0,0.0,"",0.0,0.0,0.0,4593.644859813084,630898.0947075209,0.0,0.0,76.5607476635514,11683.298050139276,0.0,0.0,2.0,1.0,3.0,120.0,54.0,0.026123046875,8.559226989746094e-05,60.0,54.0,0.0,0.0,0.0,0.0,0.0,"AbuseIPDB - Port Scan",1,0.0,NL
98099,"79.124.60.246 46180 149.102.157.168 31089 TCP",79.124.60.246,31089,0x0004,0x0014,0.041829401,5.5142e-05,1200,0,TCP,0.0,0.0,0.0,0.0,0.0,0.0,1.0,0.0,0.0,0.0,"",0.0,0.0,0.0,2865.010672996465,976260.4137931034,0.0,0.0,47.75017788327442,18078.896551724138,0.0,0.0,2.0,1.0,3.0,120.0,54.0,0.041884660720825195,5.53131103515625e-05,60.0,54.0,0.0,0.0,0.0,0.0,0.0,"AbuseIPDB - Port Scan",1,0.0,BG
98100,"45.227.253.130 50096 149.102.157.168 4038 TCP",45.227.253.130,4038,0x0004,0x0014,0.033799716,5.5493e-05,1200,0,TCP,0.0,0.0,0.0,0.0,0.0,0.0,1.0,0.0,0.0,0.0,"",0.0,0.0,0.0,3544.507214839541,972070.4549356223,0.0,0.0,59.075120247325685,18001.304721030043,0.0,0.0,2.0,1.0,3.0,120.0,54.0,0.03385519981384277,5.555152893066406e-05,60.0,54.0,0.0,0.0,0.0,0.0,0.0,"AbuseIPDB - Port Scan",2,0.0,NL
98101,"45.227.253.130 50096 149.102.157.168 4497 TCP",45.227.253.130,4497,0x0004,0x0014,0.022472436,8.6641e-05,1200,0,TCP,0.0,0.0,0.0,0.0,0.0,0.0,1.0,0.0,0.0,0.0,"",0.0,0.0,0.0,5319.345592897907,623946.0495867769,0.0,0.0,88.6557598816318,11554.556473829201,0.0,0.0,2.0,1.0,3.0,120.0,54.0,0.022559165954589844,8.654594421386719e-05,60.0,54.0,0.0,0.0,0.0,0.0,0.0,"AbuseIPDB - Port Scan",3,0.0,NL
